#ts_id,16155042
#station_name,Bridgeport WQ Station
#station_latitude,43.483425
#station_longitude,-80.47498333333334
#parametertype_name,TW
#ts_name,07.NRT.PRODUCTION.HOURLY
#ts_unitname,degree Celsius
#ts_unitsymbol,Â°C
#station_no,68
#station_id,15218
#rows,2118
#Timestamp,Value
2010-09-30T18:00:00,15.29000000000002
2010-09-30T19:00:00,15.490000000000009
2010-09-30T20:00:00,15.680000000000007
2010-09-30T21:00:00,15.79000000000002
2010-09-30T22:00:00,15.930000000000007
2010-09-30T23:00:00,15.889999999999986
2010-10-01T00:00:00,15.810000000000002
2010-10-01T01:00:00,15.670000000000016
2010-10-01T02:00:00,15.560000000000002
2010-10-01T03:00:00,15.430000000000007
2010-10-01T04:00:00,15.29000000000002
2010-10-01T05:00:00,15.139999999999986
2010-10-01T06:00:00,14.949999999999989
2010-10-01T07:00:00,14.759999999999991
2010-10-01T08:00:00,14.560000000000002
2010-10-01T09:00:00,14.360000000000014
2010-10-01T10:00:00,14.160000000000025
2010-10-01T11:00:00,13.970000000000027
2010-10-01T12:00:00,13.79000000000002
2010-10-01T13:00:00,13.649999999999977
2010-10-01T14:00:00,13.569999999999993
2010-10-01T15:00:00,13.670000000000016
2010-10-01T16:00:00,14.009999999999991
2010-10-01T17:00:00,14.509999999999991
2010-10-01T18:00:00,14.980000000000018
2010-10-01T19:00:00,15.089999999999975
2010-10-01T20:00:00,15.29000000000002
2010-10-01T21:00:00,15.29000000000002
2010-10-01T22:00:00,15.20999999999998
2010-10-01T23:00:00,15.220000000000027
2010-10-02T00:00:00,15.139999999999986
2010-10-02T01:00:00,15.019999999999982
2010-10-02T02:00:00,14.910000000000025
2010-10-02T03:00:00,14.779999999999973
2010-10-02T04:00:00,14.649999999999977
2010-10-02T05:00:00,14.45999999999998
2010-10-02T06:00:00,14.25
2010-10-02T07:00:00,14.029999999999973
2010-10-02T08:00:00,13.800000000000011
2010-10-02T09:00:00,13.589999999999975
2010-10-02T10:00:00,13.439999999999998
2010-10-02T11:00:00,13.310000000000002
2010-10-02T12:00:00,13.180000000000007
2010-10-02T13:00:00,13.089999999999975
2010-10-02T14:00:00,13.079999999999984
2010-10-02T15:00:00,13.089999999999975
2010-10-02T16:00:00,13.129999999999995
2010-10-02T17:00:00,13.139999999999986
2010-10-02T18:00:00,13.199999999999989
2010-10-02T19:00:00,13.20999999999998
2010-10-02T20:00:00,13.230000000000018
2010-10-02T21:00:00,13.240000000000009
2010-10-02T22:00:00,13.220000000000027
2010-10-02T23:00:00,13.189999999999998
2010-10-03T00:00:00,13.139999999999986
2010-10-03T01:00:00,13.079999999999984
2010-10-03T02:00:00,13.029999999999973
2010-10-03T03:00:00,12.949999999999989
2010-10-03T04:00:00,12.870000000000005
2010-10-03T05:00:00,12.769999999999982
2010-10-03T06:00:00,12.649999999999977
2010-10-03T07:00:00,12.529999999999973
2010-10-03T08:00:00,12.410000000000025
2010-10-03T09:00:00,12.279999999999973
2010-10-03T10:00:00,12.149999999999977
2010-10-03T11:00:00,12.029999999999973
2010-10-03T12:00:00,11.899999999999977
2010-10-03T13:00:00,11.79000000000002
2010-10-03T14:00:00,11.720000000000027
2010-10-03T15:00:00,11.75
2010-10-03T16:00:00,11.860000000000014
2010-10-03T17:00:00,11.95999999999998
2010-10-03T18:00:00,12.050000000000011
2010-10-03T19:00:00,12.120000000000005
2010-10-03T20:00:00,12.240000000000009
2010-10-03T21:00:00,12.319999999999993
2010-10-03T22:00:00,12.370000000000005
2010-10-03T23:00:00,12.319999999999993
2010-10-04T00:00:00,12.199999999999989
2010-10-04T01:00:00,12.069999999999993
2010-10-04T02:00:00,11.970000000000027
2010-10-04T03:00:00,11.889999999999986
2010-10-04T04:00:00,11.819999999999993
2010-10-04T05:00:00,11.730000000000018
2010-10-04T06:00:00,11.610000000000014
2010-10-04T07:00:00,11.480000000000018
2010-10-04T08:00:00,11.310000000000002
2010-10-04T09:00:00,11.139999999999986
2010-10-04T10:00:00,10.980000000000018
2010-10-04T11:00:00,10.819999999999993
2010-10-04T12:00:00,10.699999999999989
2010-10-04T13:00:00,10.569999999999993
2010-10-04T14:00:00,10.569999999999993
2010-10-04T15:00:00,
2010-10-08T15:00:00,11.769999999999982
2010-10-08T16:00:00,12.139999999999986
2010-10-08T17:00:00,12.75
2010-10-08T18:00:00,13.430000000000007
2010-10-08T19:00:00,14.050000000000011
2010-10-08T20:00:00,14.550000000000011
2010-10-08T21:00:00,14.850000000000023
2010-10-08T22:00:00,14.899999999999977
2010-10-08T23:00:00,14.800000000000011
2010-10-09T00:00:00,14.699999999999989
2010-10-09T01:00:00,14.620000000000005
2010-10-09T02:00:00,14.54000000000002
2010-10-09T03:00:00,14.470000000000027
2010-10-09T04:00:00,14.420000000000016
2010-10-09T05:00:00,14.339999999999975
2010-10-09T06:00:00,14.230000000000018
2010-10-09T07:00:00,14.079999999999984
2010-10-09T08:00:00,13.889999999999986
2010-10-09T09:00:00,13.689999999999998
2010-10-09T10:00:00,13.470000000000027
2010-10-09T11:00:00,13.240000000000009
2010-10-09T12:00:00,13.0
2010-10-09T13:00:00,12.79000000000002
2010-10-09T14:00:00,12.660000000000025
2010-10-09T15:00:00,12.680000000000007
2010-10-09T16:00:00,13.009999999999991
2010-10-09T17:00:00,13.529999999999973
2010-10-09T18:00:00,14.120000000000005
2010-10-09T19:00:00,14.649999999999977
2010-10-09T20:00:00,15.069999999999993
2010-10-09T21:00:00,15.29000000000002
2010-10-09T22:00:00,15.269999999999982
2010-10-09T23:00:00,15.069999999999993
2010-10-10T00:00:00,14.850000000000023
2010-10-10T01:00:00,14.639999999999986
2010-10-10T02:00:00,14.420000000000016
2010-10-10T03:00:00,14.199999999999989
2010-10-10T04:00:00,14.0
2010-10-10T05:00:00,13.810000000000002
2010-10-10T06:00:00,13.569999999999993
2010-10-10T07:00:00,13.310000000000002
2010-10-10T08:00:00,13.019999999999982
2010-10-10T09:00:00,12.720000000000027
2010-10-10T10:00:00,12.420000000000016
2010-10-10T11:00:00,12.110000000000014
2010-10-10T12:00:00,11.810000000000002
2010-10-10T13:00:00,11.550000000000011
2010-10-10T14:00:00,11.399999999999977
2010-10-10T15:00:00,11.45999999999998
2010-10-10T16:00:00,11.819999999999993
2010-10-10T17:00:00,12.410000000000025
2010-10-10T18:00:00,13.069999999999993
2010-10-10T19:00:00,13.660000000000025
2010-10-10T20:00:00,14.129999999999995
2010-10-10T21:00:00,14.430000000000007
2010-10-10T22:00:00,14.509999999999991
2010-10-10T23:00:00,14.420000000000016
2010-10-11T00:00:00,14.329999999999984
2010-10-11T01:00:00,14.240000000000009
2010-10-11T02:00:00,14.149999999999977
2010-10-11T03:00:00,14.04000000000002
2010-10-11T04:00:00,13.930000000000007
2010-10-11T05:00:00,13.819999999999993
2010-10-11T06:00:00,13.70999999999998
2010-10-11T07:00:00,13.610000000000014
2010-10-11T08:00:00,13.490000000000009
2010-10-11T09:00:00,13.370000000000005
2010-10-11T10:00:00,13.220000000000027
2010-10-11T11:00:00,13.069999999999993
2010-10-11T12:00:00,12.939999999999998
2010-10-11T13:00:00,12.829999999999984
2010-10-11T14:00:00,12.829999999999984
2010-10-11T15:00:00,12.899999999999977
2010-10-11T16:00:00,13.019999999999982
2010-10-11T17:00:00,13.20999999999998
2010-10-11T18:00:00,13.410000000000025
2010-10-11T19:00:00,13.589999999999975
2010-10-11T20:00:00,13.75
2010-10-11T21:00:00,13.860000000000014
2010-10-11T22:00:00,13.870000000000005
2010-10-11T23:00:00,13.819999999999993
2010-10-12T00:00:00,13.720000000000027
2010-10-12T01:00:00,13.649999999999977
2010-10-12T02:00:00,13.600000000000023
2010-10-12T03:00:00,13.519999999999982
2010-10-12T04:00:00,13.420000000000016
2010-10-12T05:00:00,13.25
2010-10-12T06:00:00,13.069999999999993
2010-10-12T07:00:00,12.870000000000005
2010-10-12T08:00:00,12.660000000000025
2010-10-12T09:00:00,12.45999999999998
2010-10-12T10:00:00,12.25
2010-10-12T11:00:00,12.04000000000002
2010-10-12T12:00:00,11.829999999999984
2010-10-12T13:00:00,11.639999999999986
2010-10-12T14:00:00,11.550000000000011
2010-10-12T15:00:00,11.649999999999977
2010-10-12T16:00:00,11.970000000000027
2010-10-12T17:00:00,12.360000000000014
2010-10-12T18:00:00,12.949999999999989
2010-10-12T19:00:00,13.490000000000009
2010-10-12T20:00:00,13.899999999999977
2010-10-12T21:00:00,14.110000000000014
2010-10-12T22:00:00,14.04000000000002
2010-10-12T23:00:00,13.75
2010-10-13T00:00:00,13.410000000000025
2010-10-13T01:00:00,13.100000000000023
2010-10-13T02:00:00,12.829999999999984
2010-10-13T03:00:00,12.569999999999993
2010-10-13T04:00:00,12.310000000000002
2010-10-13T05:00:00,12.060000000000002
2010-10-13T06:00:00,11.819999999999993
2010-10-13T07:00:00,11.600000000000023
2010-10-13T08:00:00,11.350000000000023
2010-10-13T09:00:00,11.069999999999993
2010-10-13T10:00:00,10.769999999999982
2010-10-13T11:00:00,10.470000000000027
2010-10-13T12:00:00,10.189999999999998
2010-10-13T13:00:00,9.949999999999989
2010-10-13T14:00:00,9.850000000000023
2010-10-13T15:00:00,9.970000000000027
2010-10-13T16:00:00,10.370000000000005
2010-10-13T17:00:00,10.879999999999995
2010-10-13T18:00:00,11.350000000000023
2010-10-13T19:00:00,11.829999999999984
2010-10-13T20:00:00,11.920000000000016
2010-10-13T21:00:00,11.910000000000025
2010-10-13T22:00:00,11.850000000000023
2010-10-13T23:00:00,11.779999999999973
2010-10-14T00:00:00,11.740000000000009
2010-10-14T01:00:00,11.70999999999998
2010-10-14T02:00:00,11.70999999999998
2010-10-14T03:00:00,11.699999999999989
2010-10-14T04:00:00,11.720000000000027
2010-10-14T05:00:00,11.75
2010-10-14T06:00:00,11.75
2010-10-14T07:00:00,11.730000000000018
2010-10-14T08:00:00,11.680000000000007
2010-10-14T09:00:00,11.589999999999975
2010-10-14T10:00:00,11.490000000000009
2010-10-14T11:00:00,11.389999999999986
2010-10-14T12:00:00,11.319999999999993
2010-10-14T13:00:00,11.279999999999973
2010-10-14T14:00:00,11.329999999999984
2010-10-14T15:00:00,11.439999999999998
2010-10-14T16:00:00,11.560000000000002
2010-10-14T17:00:00,11.649999999999977
2010-10-14T18:00:00,11.730000000000018
2010-10-14T19:00:00,11.920000000000016
2010-10-14T20:00:00,12.220000000000027
2010-10-14T21:00:00,12.45999999999998
2010-10-14T22:00:00,12.399999999999977
2010-10-14T23:00:00,12.240000000000009
2010-10-15T00:00:00,12.029999999999973
2010-10-15T01:00:00,11.829999999999984
2010-10-15T02:00:00,11.639999999999986
2010-10-15T03:00:00,11.490000000000009
2010-10-15T04:00:00,11.430000000000007
2010-10-15T05:00:00,11.360000000000014
2010-10-15T06:00:00,11.240000000000009
2010-10-15T07:00:00,11.100000000000023
2010-10-15T08:00:00,10.920000000000016
2010-10-15T09:00:00,10.740000000000009
2010-10-15T10:00:00,10.550000000000011
2010-10-15T11:00:00,10.350000000000023
2010-10-15T12:00:00,10.180000000000007
2010-10-15T13:00:00,10.050000000000011
2010-10-15T14:00:00,9.980000000000018
2010-10-15T15:00:00,10.089999999999975
2010-10-15T16:00:00,10.470000000000027
2010-10-15T17:00:00,10.939999999999998
2010-10-15T18:00:00,11.490000000000009
2010-10-15T19:00:00,11.95999999999998
2010-10-15T20:00:00,12.230000000000018
2010-10-15T21:00:00,12.339999999999975
2010-10-15T22:00:00,12.279999999999973
2010-10-15T23:00:00,12.0
2010-10-16T00:00:00,11.759999999999991
2010-10-16T01:00:00,11.550000000000011
2010-10-16T02:00:00,11.399999999999977
2010-10-16T03:00:00,11.29000000000002
2010-10-16T04:00:00,11.160000000000025
2010-10-16T05:00:00,11.009999999999991
2010-10-16T06:00:00,10.839999999999975
2010-10-16T07:00:00,10.649999999999977
2010-10-16T08:00:00,10.439999999999998
2010-10-16T09:00:00,10.220000000000027
2010-10-16T10:00:00,9.990000000000009
2010-10-16T11:00:00,9.75
2010-10-16T12:00:00,9.529999999999973
2010-10-16T13:00:00,9.360000000000014
2010-10-16T14:00:00,9.300000000000011
2010-10-16T15:00:00,9.399999999999977
2010-10-16T16:00:00,9.800000000000011
2010-10-16T17:00:00,10.399999999999977
2010-10-16T18:00:00,11.050000000000011
2010-10-16T19:00:00,11.639999999999986
2010-10-16T20:00:00,12.050000000000011
2010-10-16T21:00:00,12.259999999999991
2010-10-16T22:00:00,12.230000000000018
2010-10-16T23:00:00,12.0
2010-10-17T00:00:00,11.759999999999991
2010-10-17T01:00:00,11.560000000000002
2010-10-17T02:00:00,11.420000000000016
2010-10-17T03:00:00,11.350000000000023
2010-10-17T04:00:00,11.319999999999993
2010-10-17T05:00:00,11.259999999999991
2010-10-17T06:00:00,11.180000000000007
2010-10-17T07:00:00,11.069999999999993
2010-10-17T08:00:00,10.910000000000025
2010-10-17T09:00:00,10.70999999999998
2010-10-17T10:00:00,10.5
2010-10-17T11:00:00,10.310000000000002
2010-10-17T12:00:00,10.160000000000025
2010-10-17T13:00:00,10.04000000000002
2010-10-17T14:00:00,10.0
2010-10-17T15:00:00,10.129999999999995
2010-10-17T16:00:00,10.490000000000009
2010-10-17T17:00:00,11.050000000000011
2010-10-17T18:00:00,11.639999999999986
2010-10-17T19:00:00,12.04000000000002
2010-10-17T20:00:00,12.350000000000023
2010-10-17T21:00:00,12.529999999999973
2010-10-17T22:00:00,12.490000000000009
2010-10-17T23:00:00,12.230000000000018
2010-10-18T00:00:00,11.980000000000018
2010-10-18T01:00:00,11.75
2010-10-18T02:00:00,11.579999999999984
2010-10-18T03:00:00,11.420000000000016
2010-10-18T04:00:00,11.240000000000009
2010-10-18T05:00:00,11.04000000000002
2010-10-18T06:00:00,10.870000000000005
2010-10-18T07:00:00,10.680000000000007
2010-10-18T08:00:00,10.470000000000027
2010-10-18T09:00:00,10.240000000000009
2010-10-18T10:00:00,10.050000000000011
2010-10-18T11:00:00,9.870000000000005
2010-10-18T12:00:00,9.70999999999998
2010-10-18T13:00:00,9.600000000000023
2010-10-18T14:00:00,9.600000000000023
2010-10-18T15:00:00,9.699999999999989
2010-10-18T16:00:00,9.949999999999989
2010-10-18T17:00:00,10.170000000000016
2010-10-18T18:00:00,10.45999999999998
2010-10-18T19:00:00,10.730000000000018
2010-10-18T20:00:00,11.009999999999991
2010-10-18T21:00:00,11.029999999999973
2010-10-18T22:00:00,10.910000000000025
2010-10-18T23:00:00,10.730000000000018
2010-10-19T00:00:00,10.529999999999973
2010-10-19T01:00:00,10.319999999999993
2010-10-19T02:00:00,10.120000000000005
2010-10-19T03:00:00,9.920000000000016
2010-10-19T04:00:00,9.740000000000009
2010-10-19T05:00:00,9.610000000000014
2010-10-19T06:00:00,9.470000000000027
2010-10-19T07:00:00,9.329999999999984
2010-10-19T08:00:00,9.199999999999989
2010-10-19T09:00:00,9.069999999999993
2010-10-19T10:00:00,8.930000000000007
2010-10-19T11:00:00,8.779999999999973
2010-10-19T12:00:00,8.600000000000023
2010-10-19T13:00:00,8.480000000000018
2010-10-19T14:00:00,8.439999999999998
2010-10-19T15:00:00,8.54000000000002
2010-10-19T16:00:00,8.910000000000025
2010-10-19T17:00:00,9.399999999999977
2010-10-19T18:00:00,9.860000000000014
2010-10-19T19:00:00,10.310000000000002
2010-10-19T20:00:00,10.560000000000002
2010-10-19T21:00:00,10.639999999999986
2010-10-19T22:00:00,10.529999999999973
2010-10-19T23:00:00,10.379999999999995
2010-10-20T00:00:00,10.230000000000018
2010-10-20T01:00:00,10.079999999999984
2010-10-20T02:00:00,9.920000000000016
2010-10-20T03:00:00,9.79000000000002
2010-10-20T04:00:00,9.649999999999977
2010-10-20T05:00:00,9.54000000000002
2010-10-20T06:00:00,9.430000000000007
2010-10-20T07:00:00,9.279999999999973
2010-10-20T08:00:00,9.129999999999995
2010-10-20T09:00:00,8.970000000000027
2010-10-20T10:00:00,8.800000000000011
2010-10-20T11:00:00,8.629999999999995
2010-10-20T12:00:00,8.5
2010-10-20T13:00:00,8.389999999999986
2010-10-20T14:00:00,8.339999999999975
2010-10-20T15:00:00,9.139999999999986
2010-10-20T16:00:00,
2010-10-20T18:00:00,12.102691232625943
2010-10-20T19:00:00,12.54585738865677
2010-10-20T20:00:00,12.969023544687616
2010-10-20T21:00:00,13.182189700718254
2010-10-20T22:00:00,13.175355856749036
2010-10-20T23:00:00,13.048522012779642
2010-10-21T00:00:00,12.911688168810485
2010-10-21T01:00:00,12.914854324841087
2010-10-21T02:00:00,12.778041588578674
2010-10-21T03:00:00,12.651186636902537
2010-10-21T04:00:00,12.584352792933373
2010-10-21T05:00:00,12.5275189489642
2010-10-21T06:00:00,12.480685104994791
2010-10-21T07:00:00,12.433851261025609
2010-10-21T08:00:00,12.287017417056234
2010-10-21T09:00:00,12.080183573087027
2010-10-21T10:00:00,11.873349729117649
2010-10-21T11:00:00,11.64651588514846
2010-10-21T12:00:00,11.439682041179083
2010-10-21T13:00:00,11.252848197209914
2010-10-21T14:00:00,11.14601435324073
2010-10-21T15:00:00,11.209180509271334
2010-10-21T16:00:00,11.462346665302164
2010-10-21T17:00:00,11.775512821332768
2010-10-21T18:00:00,11.988678977363577
2010-10-21T19:00:00,12.231845133394188
2010-10-21T20:00:00,12.415011289425024
2010-10-21T21:00:00,12.388177445455653
2010-10-21T22:00:00,12.28134360148647
2010-10-21T23:00:00,12.074509757517035
2010-10-22T00:00:00,11.857675913547894
2010-10-22T01:00:00,11.670842069578725
2010-10-22T02:00:00,11.534008225609341
2010-10-22T03:00:00,11.437174381640148
2010-10-22T04:00:00,11.350340537670775
2010-10-22T05:00:00,11.2335066937016
2010-10-22T06:00:00,11.066672849732186
2010-10-22T07:00:00,10.899839005762999
2010-10-22T08:00:00,10.723005161793594
2010-10-22T09:00:00,10.556171317824464
2010-10-22T10:00:00,10.399337473855269
2010-10-22T11:00:00,10.232503629885855
2010-10-22T12:00:00,10.025669785916705
2010-10-22T13:00:00,9.87883594194733
2010-10-22T14:00:00,9.792002097978127
2010-10-22T15:00:00,9.855168254008731
2010-10-22T16:00:00,10.158334410039572
2010-10-22T17:00:00,10.571500566070199
2010-10-22T18:00:00,10.904666722101013
2010-10-22T19:00:00,11.297832878131828
2010-10-22T20:00:00,11.450999034162407
2010-10-22T21:00:00,11.51416519019324
2010-10-22T22:00:00,11.527331346223889
2010-10-22T23:00:00,11.410497502254714
2010-10-23T00:00:00,11.273663658285273
2010-10-23T01:00:00,11.136829814316116
2010-10-23T02:00:00,10.999995970346731
2010-10-23T03:00:00,10.883162126377556
2010-10-23T04:00:00,10.79632828240841
2010-10-23T05:00:00,10.809494438439003
2010-10-23T06:00:00,10.782660594469803
2010-10-23T07:00:00,10.745826750500441
2010-10-23T08:00:00,10.628992906531266
2010-10-23T09:00:00,10.482159062561834
2010-10-23T10:00:00,10.375325218592707
2010-10-23T11:00:00,10.288491374623277
2010-10-23T12:00:00,10.191657530654084
2010-10-23T13:00:00,10.154823686684722
2010-10-23T14:00:00,10.217989842715554
2010-10-23T15:00:00,10.391155998746399
2010-10-23T16:00:00,10.734322154776976
2010-10-23T17:00:00,11.037488310807817
2010-10-23T18:00:00,11.27065446683838
2010-10-23T19:00:00,11.433820622869234
2010-10-23T20:00:00,11.51698677889982
2010-10-23T21:00:00,11.56015293493067
2010-10-23T22:00:00,11.553319090961281
2010-10-23T23:00:00,11.566485246992102
2010-10-24T00:00:00,11.599651403022904
2010-10-24T01:00:00,11.642817559053526
2010-10-24T02:00:00,11.695983715084367
2010-10-24T03:00:00,11.74914987111498
2010-10-24T04:00:00,11.822316027145803
2010-10-24T05:00:00,11.895482183176398
2010-10-24T06:00:00,11.938648339207248
2010-10-24T07:00:00,11.971814495237822
2010-10-24T08:00:00,12.004980651268625
2010-10-24T09:00:00,12.008146807299454
2010-10-24T10:00:00,12.011312963330056
2010-10-24T11:00:00,12.024479119360933
2010-10-24T12:00:00,12.057645275391508
2010-10-24T13:00:00,12.110811431422349
2010-10-24T14:00:00,12.223977587452964
2010-10-24T15:00:00,12.397143743483753
2010-10-24T16:00:00,12.660309899514402
2010-10-24T17:00:00,12.923476055545223
2010-10-24T18:00:00,13.266642211576027
2010-10-24T19:00:00,13.669808367606663
2010-10-24T20:00:00,13.882974523637472
2010-10-24T21:00:00,13.996140679668088
2010-10-24T22:00:00,14.049306835698872
2010-10-24T23:00:00,14.052472991729474
2010-10-25T00:00:00,14.02563914776033
2010-10-25T01:00:00,13.99880530379096
2010-10-25T02:00:00,14.001971459821789
2010-10-25T03:00:00,13.995137615852343
2010-10-25T04:00:00,13.97830377188319
2010-10-25T05:00:00,13.961469927914038
2010-10-25T06:00:00,13.914636083944629
2010-10-25T07:00:00,13.867802239975447
2010-10-25T08:00:00,13.820968396006037
2010-10-25T09:00:00,13.764134552036865
2010-10-25T10:00:00,13.677300708067492
2010-10-25T11:00:00,13.600466864098337
2010-10-25T12:00:00,13.57363302012891
2010-10-25T13:00:00,13.636799176159741
2010-10-25T14:00:00,13.749965332190584
2010-10-25T15:00:00,13.933131488221193
2010-10-25T16:00:00,14.206297644252004
2010-10-25T17:00:00,14.429463800282633
2010-10-25T18:00:00,14.58262995631344
2010-10-25T19:00:00,14.80579611234407
2010-10-25T20:00:00,14.958962268374876
2010-10-25T21:00:00,15.132128424405494
2010-10-25T22:00:00,15.205294580436316
2010-10-25T23:00:00,15.218460736467136
2010-10-26T00:00:00,15.191626892497709
2010-10-26T01:00:00,15.144793048528584
2010-10-26T02:00:00,15.107959204559165
2010-10-26T03:00:00,15.061125360589983
2010-10-26T04:00:00,14.994291516620592
2010-10-26T05:00:00,14.94745767265141
2010-10-26T06:00:00,14.880623828682019
2010-10-26T07:00:00,14.793789984712873
2010-10-26T08:00:00,14.69695614074368
2010-10-26T09:00:00,14.600122296774316
2010-10-26T10:00:00,14.553288452805134
2010-10-26T11:00:00,14.546454608835745
2010-10-26T12:00:00,14.539620764866527
2010-10-26T13:00:00,14.532786920897138
2010-10-26T14:00:00,14.585953076927979
2010-10-26T15:00:00,14.689119232958603
2010-10-26T16:00:00,14.80228538898939
2010-10-26T17:00:00,14.975451545020007
2010-10-26T18:00:00,15.32861770105086
2010-10-26T19:00:00,15.691783857081646
2010-10-26T20:00:00,15.854950013112273
2010-10-26T21:00:00,15.958116169143125
2010-10-26T22:00:00,15.9912823251737
2010-10-26T23:00:00,15.974448481204547
2010-10-27T00:00:00,15.907614637235156
2010-10-27T01:00:00,15.840780793265992
2010-10-27T02:00:00,15.813946949296565
2010-10-27T03:00:00,15.717113105327371
2010-10-27T04:00:00,15.610279261358244
2010-10-27T05:00:00,15.503445417388832
2010-10-27T06:00:00,15.406611573419639
2010-10-27T07:00:00,15.259777729450263
2010-10-27T08:00:00,15.102943885481068
2010-10-27T09:00:00,14.906110041511681
2010-10-27T10:00:00,14.68927619754254
2010-10-27T11:00:00,14.502442353573144
2010-10-27T12:00:00,14.335608509603958
2010-10-27T13:00:00,14.208774665634792
2010-10-27T14:00:00,14.121940821665362
2010-10-27T15:00:00,14.14510697769623
2010-10-27T16:00:00,14.398273133726832
2010-10-27T17:00:00,14.791439289757648
2010-10-27T18:00:00,15.224605445788256
2010-10-27T19:00:00,15.59777160181909
2010-10-27T20:00:00,15.810937757849672
2010-10-27T21:00:00,15.76410391388049
2010-10-27T22:00:00,15.637270069911324
2010-10-27T23:00:00,15.470436225941967
2010-10-28T00:00:00,15.26360238197276
2010-10-28T01:00:00,15.076768538003364
2010-10-28T02:00:00,14.929934694034216
2010-10-28T03:00:00,14.773100850064793
2010-10-28T04:00:00,14.596267006095616
2010-10-28T05:00:00,14.399433162126229
2010-10-28T06:00:00,14.17259931815704
2010-10-28T07:00:00,13.945765474187908
2010-10-28T08:00:00,13.748931630218522
2010-10-28T09:00:00,13.572097786249344
2010-10-28T10:00:00,13.425263942279912
2010-10-28T11:00:00,13.278430098310764
2010-10-28T12:00:00,13.121596254341341
2010-10-28T13:00:00,12.944762410372164
2010-10-28T14:00:00,12.81792856640277
2010-10-28T15:00:00,12.751094722433606
2010-10-28T16:00:00,12.744260878464218
2010-10-28T17:00:00,12.727427034495065
2010-10-28T18:00:00,12.750593190525876
2010-10-28T19:00:00,12.793759346556499
2010-10-28T20:00:00,12.806925502587319
2010-10-28T21:00:00,12.740091658617928
2010-10-28T22:00:00,12.653257814648725
2010-10-28T23:00:00,12.566423970679352
2010-10-29T00:00:00,12.499590126710189
2010-10-29T01:00:00,12.42275628274075
2010-10-29T02:00:00,12.365922438771577
2010-10-29T03:00:00,12.289088594802422
2010-10-29T04:00:00,12.22225475083303
2010-10-29T05:00:00,12.135420906863885
2010-10-29T06:00:00,12.028587062894474
2010-10-29T07:00:00,11.901753218925307
2010-10-29T08:00:00,11.764919374955923
2010-10-29T09:00:00,11.618085530986718
2010-10-29T10:00:00,11.441251687017314
2010-10-29T11:00:00,11.314417843048147
2010-10-29T12:00:00,11.227583999079002
2010-10-29T13:00:00,11.130750155109581
2010-10-29T14:00:00,11.093916311140447
2010-10-29T15:00:00,11.147082467171003
2010-10-29T16:00:00,11.280248623201828
2010-10-29T17:00:00,11.393414779232444
2010-10-29T18:00:00,11.486580935263305
2010-10-29T19:00:00,11.5597470912939
2010-10-29T20:00:00,11.592913247324702
2010-10-29T21:00:00,11.606079403355523
2010-10-29T22:00:00,11.52924555938614
2010-10-29T23:00:00,11.382411715416993
2010-10-30T00:00:00,11.22557787144757
2010-10-30T01:00:00,11.088744027478413
2010-10-30T02:00:00,10.94191018350898
2010-10-30T03:00:00,10.825076339539862
2010-10-30T04:00:00,10.688242495570421
2010-10-30T05:00:00,10.561408651601255
2010-10-30T06:00:00,10.42457480763187
2010-10-30T07:00:00,10.297740963662704
2010-10-30T08:00:00,10.19090711969352
2010-10-30T09:00:00,10.084073275724108
2010-10-30T10:00:00,9.997239431754963
2010-10-30T11:00:00,9.890405587785551
2010-10-30T12:00:00,9.793571743816415
2010-10-30T13:00:00,9.746737899847005
2010-10-30T14:00:00,9.749904055877835
2010-10-30T15:00:00,9.843070211908412
2010-10-30T16:00:00,10.04623636793923
2010-10-30T17:00:00,10.389402523970091
2010-10-30T18:00:00,10.682568680000713
2010-10-30T19:00:00,10.975734836031506
2010-10-30T20:00:00,11.198900992062136
2010-10-30T21:00:00,11.25206714809292
2010-10-30T22:00:00,11.215233304123558
2010-10-30T23:00:00,11.118399460154365
2010-10-31T00:00:00,11.061565616184964
2010-10-31T01:00:00,11.044731772215812
2010-10-31T02:00:00,11.047897928246641
2010-10-31T03:00:00,11.061064084277234
2010-10-31T04:00:00,11.074230240308054
2010-10-31T05:00:00,11.017396396338654
2010-10-31T06:00:00,10.860562552369515
2010-10-31T07:00:00,10.68372870840011
2010-10-31T08:00:00,10.47689486443096
2010-10-31T09:00:00,10.340061020461519
2010-10-31T10:00:00,10.213227176492353
2010-10-31T11:00:00,10.126393332523207
2010-10-31T12:00:00,10.049559488553768
2010-10-31T13:00:00,9.992725644584652
2010-10-31T14:00:00,9.955891800615234
2010-10-31T15:00:00,10.019057956646066
2010-10-31T16:00:00,10.122224112676633
2010-10-31T17:00:00,10.245390268707467
2010-10-31T18:00:00,10.458556424738106
2010-10-31T19:00:00,10.631722580768894
2010-10-31T20:00:00,10.654888736799535
2010-10-31T21:00:00,10.638054892830326
2010-10-31T22:00:00,10.51122104886116
2010-10-31T23:00:00,10.344387204891802
2010-11-01T00:00:00,10.177553360922616
2010-11-01T01:00:00,10.020719516953193
2010-11-01T02:00:00,9.883885672984036
2010-11-01T03:00:00,9.73705182901466
2010-11-01T04:00:00,9.660217985045449
2010-11-01T05:00:00,9.613384141076097
2010-11-01T06:00:00,9.556550297106924
2010-11-01T07:00:00,9.48971645313776
2010-11-01T08:00:00,9.392882609168339
2010-11-01T09:00:00,9.236048765199143
2010-11-01T10:00:00,9.029214921229766
2010-11-01T11:00:00,8.852381077260588
2010-11-01T12:00:00,8.685547233291175
2010-11-01T13:00:00,8.538713389322027
2010-11-01T14:00:00,8.451879545352654
2010-11-01T15:00:00,8.505045701383438
2010-11-01T16:00:00,8.778211857414306
2010-11-01T17:00:00,9.251378013444878
2010-11-01T18:00:00,9.694544169475705
2010-11-01T19:00:00,9.997710325506318
2010-11-01T20:00:00,10.09087648153718
2010-11-01T21:00:00,10.184042637567757
2010-11-01T22:00:00,10.077208793598572
2010-11-01T23:00:00,9.97037494962916
2010-11-02T00:00:00,9.853541105660042
2010-11-02T01:00:00,9.786707261690822
2010-11-02T02:00:00,9.699873417721449
2010-11-02T03:00:00,9.593039573752264
2010-11-02T04:00:00,9.476205729782862
2010-11-02T05:00:00,9.309371885813732
2010-11-02T06:00:00,9.1625380418443
2010-11-02T07:00:00,8.985704197875123
2010-11-02T08:00:00,8.768870353905754
2010-11-02T09:00:00,8.562036509936547
2010-11-02T10:00:00,8.35520266596717
2010-11-02T11:00:00,8.15836882199801
2010-11-02T12:00:00,7.971534978028842
2010-11-02T13:00:00,7.814701134059419
2010-11-02T14:00:00,7.737867290090264
2010-11-02T15:00:00,7.791033446120878
2010-11-02T16:00:00,8.094199602151718
2010-11-02T17:00:00,8.577365758182282
2010-11-02T18:00:00,9.150531914213104
2010-11-02T19:00:00,9.683698070243736
2010-11-02T20:00:00,10.05686422627457
2010-11-02T21:00:00,10.250030382305397
2010-11-02T22:00:00,10.193196538335997
2010-11-02T23:00:00,9.976362694366799
2010-11-03T00:00:00,9.769528850397421
2010-11-03T01:00:00,9.632695006428264
2010-11-03T02:00:00,9.545861162458834
2010-11-03T03:00:00,9.449027318489698
2010-11-03T04:00:00,9.322193474520304
2010-11-03T05:00:00,9.18535963055109
2010-11-03T06:00:00,9.038525786581943
2010-11-03T07:00:00,8.861691942612538
2010-11-03T08:00:00,8.664858098643379
2010-11-03T09:00:00,8.458024254674001
2010-11-03T10:00:00,8.281190410704824
2010-11-03T11:00:00,8.174356566735412
2010-11-03T12:00:00,8.077522722766219
2010-11-03T13:00:00,8.03068887879681
2010-11-03T14:00:00,8.073855034827659
2010-11-03T15:00:00,8.217021190858475
2010-11-03T16:00:00,8.480187346889124
2010-11-03T17:00:00,8.913353502919904
2010-11-03T18:00:00,9.266519658950529
2010-11-03T19:00:00,9.499685814981376
2010-11-03T20:00:00,9.682851971011985
2010-11-03T21:00:00,9.706018127042796
2010-11-03T22:00:00,9.629184283073414
2010-11-03T23:00:00,9.542350439104212
2010-11-04T00:00:00,9.515516595135068
2010-11-04T01:00:00,9.528682751165661
2010-11-04T02:00:00,9.551848907196472
2010-11-04T03:00:00,9.575015063227056
2010-11-04T04:00:00,9.598181219257924
2010-11-04T05:00:00,9.631347375288499
2010-11-04T06:00:00,9.644513531319319
2010-11-04T07:00:00,9.647679687349921
2010-11-04T08:00:00,9.630845843380769
2010-11-04T09:00:00,9.604011999411398
2010-11-04T10:00:00,9.587178155442189
2010-11-04T11:00:00,9.570344311473036
2010-11-04T12:00:00,9.523510467503627
2010-11-04T13:00:00,9.476676623534445
2010-11-04T14:00:00,9.499842779565085
2010-11-04T15:00:00,9.653008935595892
2010-11-04T16:00:00,9.896175091626503
2010-11-04T17:00:00,10.189341247657353
2010-11-04T18:00:00,10.382507403687953
2010-11-04T19:00:00,10.635673559718782
2010-11-04T20:00:00,10.748839715749568
2010-11-04T21:00:00,10.842005871780202
2010-11-04T22:00:00,10.905172027811034
2010-11-04T23:00:00,10.888338183841597
2010-11-05T00:00:00,10.821504339872433
2010-11-05T01:00:00,10.764670495903033
2010-11-05T02:00:00,10.73783665193389
2010-11-05T03:00:00,10.711002807964462
2010-11-05T04:00:00,10.69416896399531
2010-11-05T05:00:00,10.677335120026157
2010-11-05T06:00:00,10.630501276056748
2010-11-05T07:00:00,10.533667432087555
2010-11-05T08:00:00,10.38683358811818
2010-11-05T09:00:00,10.259999744149013
2010-11-05T10:00:00,10.123165900179629
2010-11-05T11:00:00,10.016332056210445
2010-11-05T12:00:00,9.919498212241024
2010-11-05T13:00:00,9.822664368271887
2010-11-05T14:00:00,9.695830524302721
2010-11-05T15:00:00,9.678996680333285
2010-11-05T16:00:00,9.772162836364146
2010-11-05T17:00:00,9.875328992394714
2010-11-05T18:00:00,9.988495148425557
2010-11-05T19:00:00,10.00166130445615
2010-11-05T20:00:00,9.974827460487006
2010-11-05T21:00:00,9.917993616517606
2010-11-05T22:00:00,9.811159772548422
2010-11-05T23:00:00,9.694325928579019
2010-11-06T00:00:00,9.547492084609871
2010-11-06T01:00:00,9.440658240640687
2010-11-06T02:00:00,9.343824396671266
2010-11-06T03:00:00,9.25699055270212
2010-11-06T04:00:00,9.210156708732711
2010-11-06T05:00:00,9.153322864763538
2010-11-06T06:00:00,9.106489020794129
2010-11-06T07:00:00,9.019655176824983
2010-11-06T08:00:00,8.882821332855599
2010-11-06T09:00:00,8.715987488886412
2010-11-06T10:00:00,8.569153644917265
2010-11-06T11:00:00,8.39231980094786
2010-11-06T12:00:00,8.225485956978673
2010-11-06T13:00:00,8.09865211300928
2010-11-06T14:00:00,8.011818269040077
2010-11-06T15:00:00,8.034984425070718
2010-11-06T16:00:00,8.308150581101529
2010-11-06T17:00:00,8.51131673713212
2010-11-06T18:00:00,9.194482893162956
2010-11-06T19:00:00,9.517649049193778
2010-11-06T20:00:00,9.630815205224394
2010-11-06T21:00:00,9.613981361255242
2010-11-06T22:00:00,9.687147517285837
2010-11-06T23:00:00,9.630313673316664
2010-11-07T00:00:00,9.49347982934728
2010-11-07T01:00:00,9.336645985378084
2010-11-07T02:00:00,9.23981214140872
2010-11-07T03:00:00,9.1729782974395
2010-11-07T04:00:00,9.086144453470354
2010-11-07T05:00:00,8.909310609500949
2010-11-07T06:00:00,8.912476765531778
2010-11-07T07:00:00,8.90564292156239
2010-11-07T08:00:00,8.818809077593187
2010-11-07T09:00:00,8.731975233623814
2010-11-07T10:00:00,8.65514138965466
2010-11-07T11:00:00,8.56830754568523
2010-11-07T12:00:00,8.481473701716084
2010-11-07T13:00:00,8.394639857746654
2010-11-07T14:00:00,8.387806013777492
2010-11-07T15:00:00,8.490972169808344
2010-11-07T16:00:00,8.674138325838953
2010-11-07T17:00:00,9.067304481869769
2010-11-07T18:00:00,9.540470637900398
2010-11-07T19:00:00,9.953636793931196
2010-11-07T20:00:00,10.2668029499618
2010-11-07T21:00:00,10.399969105992625
2010-11-07T22:00:00,10.303135262023261
2010-11-07T23:00:00,10.126301418054084
2010-11-08T00:00:00,9.959467574084897
2010-11-08T01:00:00,9.822633730115513
2010-11-08T02:00:00,9.73579988614631
2010-11-08T03:00:00,9.658966042176928
2010-11-08T04:00:00,9.612132198207746
2010-11-08T05:00:00,9.545298354238355
2010-11-08T06:00:00,9.43846451026917
2010-11-08T07:00:00,9.291630666299795
2010-11-08T08:00:00,9.114796822330618
2010-11-08T09:00:00,8.917962978361459
2010-11-08T10:00:00,8.731129134392063
2010-11-08T11:00:00,8.554295290422886
2010-11-08T12:00:00,8.397461446453462
2010-11-08T13:00:00,8.260627602484305
2010-11-08T14:00:00,8.193793758514914
2010-11-08T15:00:00,8.246959914545755
2010-11-08T16:00:00,8.510126070576348
2010-11-08T17:00:00,8.963292226607166
2010-11-08T18:00:00,9.496458382638025
2010-11-08T19:00:00,9.969624538668597
2010-11-08T20:00:00,10.30279069469941
2010-11-08T21:00:00,10.455956850730047
2010-11-08T22:00:00,10.389123006760883
2010-11-08T23:00:00,10.22228916279147
2010-11-09T00:00:00,10.055455318822283
2010-11-09T01:00:00,9.918621474852898
2010-11-09T02:00:00,9.801787630883723
2010-11-09T03:00:00,9.68495378691432
2010-11-09T04:00:00,9.608119942945166
2010-11-09T05:00:00,9.521286098975963
2010-11-09T06:00:00,9.39445225500657
2010-11-09T07:00:00,9.247618411037422
2010-11-09T08:00:00,9.060784567068026
2010-11-09T09:00:00,8.863950723098867
2010-11-09T10:00:00,8.66711687912948
2010-11-09T11:00:00,8.480283035160255
2010-11-09T12:00:00,8.313449191190898
2010-11-09T13:00:00,8.166615347221693
2010-11-09T14:00:00,8.09978150325253
2010-11-09T15:00:00,8.162947659283134
2010-11-09T16:00:00,8.416113815313963
2010-11-09T17:00:00,8.889279971344592
2010-11-09T18:00:00,9.442446127375433
2010-11-09T19:00:00,9.935612283405987
2010-11-09T20:00:00,10.278778439436849
2010-11-09T21:00:00,10.451944595467467
2010-11-09T22:00:00,10.425110751498266
2010-11-09T23:00:00,10.2982769075291
2010-11-10T00:00:00,10.161443063559716
2010-11-10T01:00:00,10.04460921959054
2010-11-10T02:00:00,9.94777537562112
2010-11-10T03:00:00,9.880941531651956
2010-11-10T04:00:00,9.824107687682556
2010-11-10T05:00:00,9.767273843713383
2010-11-10T06:00:00,9.68043999974401
2010-11-10T07:00:00,9.553606155774844
2010-11-10T08:00:00,9.396772311805648
2010-11-10T09:00:00,9.229938467836234
2010-11-10T10:00:00,9.053104623867057
2010-11-10T11:00:00,8.8862707798977
2010-11-10T12:00:00,8.749436935928543
2010-11-10T13:00:00,8.622603091959093
2010-11-10T14:00:00,8.56576924798992
2010-11-10T15:00:00,8.608935404020542
2010-11-10T16:00:00,8.872101560051362
2010-11-10T17:00:00,9.345267716082219
2010-11-10T18:00:00,9.868433872112803
2010-11-10T19:00:00,10.35160002814365
2010-11-10T20:00:00,10.694766184174227
2010-11-10T21:00:00,10.827932340205052
2010-11-10T22:00:00,10.731098496235688
2010-11-10T23:00:00,10.534264652266529
2010-11-11T00:00:00,10.337430808297086
2010-11-11T01:00:00,10.170596964327956
2010-11-11T02:00:00,10.033763120358515
2010-11-11T03:00:00,9.91692927638934
2010-11-11T04:00:00,9.820095432420203
2010-11-11T05:00:00,9.733261588450773
2010-11-11T06:00:00,9.606427744481607
2010-11-11T07:00:00,9.449593900512241
2010-11-11T08:00:00,9.262760056543073
2010-11-11T09:00:00,9.055926212573638
2010-11-11T10:00:00,8.859092368604479
2010-11-11T11:00:00,8.672258524635083
2010-11-11T12:00:00,8.515424680665944
2010-11-11T13:00:00,8.37859083669673
2010-11-11T14:00:00,8.331756992727378
2010-11-11T15:00:00,8.394923148758153
2010-11-11T16:00:00,8.668089304788793
2010-11-11T17:00:00,9.131255460819602
2010-11-11T18:00:00,9.674421616850225
2010-11-11T19:00:00,10.167587772881063
2010-11-11T20:00:00,10.50075392891165
2010-11-11T21:00:00,10.663920084942447
2010-11-11T22:00:00,10.597086240973283
2010-11-11T23:00:00,10.430252397003926
2010-11-12T00:00:00,10.26341855303474
2010-11-12T01:00:00,10.136584709065346
2010-11-12T02:00:00,10.049750865096144
2010-11-12T03:00:00,10.062917021126793
2010-11-12T04:00:00,10.106083177157586
2010-11-12T05:00:00,10.149249333188209
2010-11-12T06:00:00,10.152415489219038
2010-11-12T07:00:00,10.115581645249847
2010-11-12T08:00:00,10.028747801280474
2010-11-12T09:00:00,9.891913957311317
2010-11-12T10:00:00,9.745080113341885
2010-11-12T11:00:00,9.618246269372719
2010-11-12T12:00:00,9.521412425403298
2010-11-12T13:00:00,9.454578581434134
2010-11-12T14:00:00,9.477744737464775
2010-11-12T15:00:00,9.600910893495609
2010-11-12T16:00:00,9.81407704952619
2010-11-12T17:00:00,10.147243205557004
2010-11-12T18:00:00,10.600409361587822
2010-11-12T19:00:00,11.02357551761844
2010-11-12T20:00:00,11.306741673649299
2010-11-12T21:00:00,11.399907829679876
2010-11-12T22:00:00,11.2830739857107
2010-11-12T23:00:00,11.046240141741293
2010-11-13T00:00:00,10.849406297772134
2010-11-13T01:00:00,10.68257245380272
2010-11-13T02:00:00,10.525738609833581
2010-11-13T03:00:00,10.408904765864406
2010-11-13T04:00:00,10.302070921894995
2010-11-13T05:00:00,10.205237077925858
2010-11-13T06:00:00,10.078403233956408
2010-11-13T07:00:00,9.93156938998726
2010-11-13T08:00:00,9.734735546017873
2010-11-13T09:00:00,9.527901702048666
2010-11-13T10:00:00,9.321067858079289
2010-11-13T11:00:00,9.12423401411013
2010-11-13T12:00:00,8.957400170140943
2010-11-13T13:00:00,8.820566326171559
2010-11-13T14:00:00,8.773732482202377
2010-11-13T15:00:00,8.816898638232999
2010-11-13T16:00:00,9.040064794263799
2010-11-13T17:00:00,9.503230950294437
2010-11-13T18:00:00,9.916397106325235
2010-11-13T19:00:00,10.23956326235583
2010-11-13T20:00:00,10.412729418386675
2010-11-13T21:00:00,10.515895574417527
2010-11-13T22:00:00,10.449061730448136
2010-11-13T23:00:00,10.332227886478961
2010-11-14T00:00:00,10.23539404250954
2010-11-14T01:00:00,10.19856019854035
2010-11-14T02:00:00,10.19172635457096
2010-11-14T03:00:00,10.214892510601828
2010-11-14T04:00:00,10.238058666632412
2010-11-14T05:00:00,10.23122482266325
2010-11-14T06:00:00,10.234390978693853
2010-11-14T07:00:00,10.227557134724691
2010-11-14T08:00:00,10.1907232907555
2010-11-14T09:00:00,10.163889446786072
2010-11-14T10:00:00,10.127055602816938
2010-11-14T11:00:00,10.12022175884755
2010-11-14T12:00:00,10.13338791487837
2010-11-14T13:00:00,10.176554070908935
2010-11-14T14:00:00,10.249720226939814
2010-11-14T15:00:00,10.342886382970391
2010-11-14T16:00:00,10.476052539001216
2010-11-14T17:00:00,10.619218695032032
2010-11-14T18:00:00,10.762384851062677
2010-11-14T19:00:00,10.885551007093454
2010-11-14T20:00:00,10.918717163124086
2010-11-14T21:00:00,10.871883319154904
2010-11-14T22:00:00,10.795049475185522
2010-11-14T23:00:00,10.668215631216356
2010-11-15T00:00:00,10.551381787246953
2010-11-15T01:00:00,10.444547943277769
2010-11-15T02:00:00,10.357714099308623
2010-11-15T03:00:00,10.280880255339184
2010-11-15T04:00:00,10.194046411370039
2010-11-15T05:00:00,10.077212567400636
2010-11-15T06:00:00,9.92037872343144
2010-11-15T07:00:00,9.773544879462065
2010-11-15T08:00:00,9.616711035492926
2010-11-15T09:00:00,9.459877191523503
2010-11-15T10:00:00,9.313043347554355
2010-11-15T11:00:00,9.16620950358515
2010-11-15T12:00:00,9.029375659615766
2010-11-15T13:00:00,8.932541815646573
2010-11-15T14:00:00,8.905707971677202
2010-11-15T15:00:00,8.978874127708025
2010-11-15T16:00:00,9.182040283738615
2010-11-15T17:00:00,9.56520643976944
2010-11-15T18:00:00,9.888372595800035
2010-11-15T19:00:00,10.05153875183089
2010-11-15T20:00:00,10.154704907861515
2010-11-15T21:00:00,10.237871063892328
2010-11-15T22:00:00,10.201037219923137
2010-11-15T23:00:00,10.104203375953773
2010-11-16T00:00:00,10.00736953198458
2010-11-16T01:00:00,9.930535688015198
2010-11-16T02:00:00,9.853701844045986
2010-11-16T03:00:00,9.746868000076631
2010-11-16T04:00:00,9.640034156107447
2010-11-16T05:00:00,9.533200312138035
2010-11-16T06:00:00,9.44636646816889
2010-11-16T07:00:00,9.359532624199687
2010-11-16T08:00:00,9.272698780230314
2010-11-16T09:00:00,9.185864936261112
2010-11-16T10:00:00,9.059031092291718
2010-11-16T11:00:00,8.91219724832257
2010-11-16T12:00:00,8.785363404353177
2010-11-16T13:00:00,8.64852956038402
2010-11-16T14:00:00,8.5516957164146
2010-11-16T15:00:00,8.554861872445429
2010-11-16T16:00:00,8.718028028476283
2010-11-16T17:00:00,9.041194184506878
2010-11-16T18:00:00,9.3643603405377
2010-11-16T19:00:00,9.617526496568303
2010-11-16T20:00:00,9.750692652599128
2010-11-16T21:00:00,9.793858808629693
2010-11-16T22:00:00,9.787024964660532
2010-11-16T23:00:00,9.770191120691152
2010-11-17T00:00:00,9.793357276721963
2010-11-17T01:00:00,9.846523432752804
2010-11-17T02:00:00,9.92968958878339
2010-11-17T03:00:00,10.01285574481426
2010-11-17T04:00:00,10.106021900844837
2010-11-17T05:00:00,10.159188056875678
2010-11-17T06:00:00,10.222354212906282
2010-11-17T07:00:00,10.275520368937123
2010-11-17T08:00:00,10.32868652496768
2010-11-17T09:00:00,10.37185268099853
2010-11-17T10:00:00,10.39501883702934
2010-11-17T11:00:00,10.438184993059963
2010-11-17T12:00:00,10.451351149090783
2010-11-17T13:00:00,10.424517305121412
2010-11-17T14:00:00,10.41768346115225
2010-11-17T15:00:00,10.440849617182835
2010-11-17T16:00:00,10.494015773213675
2010-11-17T17:00:00,10.547181929244289
2010-11-17T18:00:00,10.590348085275082
2010-11-17T19:00:00,10.683514241305716
2010-11-17T20:00:00,10.80668039733655
2010-11-17T21:00:00,10.849846553367342
2010-11-17T22:00:00,10.77301270939796
2010-11-17T23:00:00,10.646178865428794
2010-11-18T00:00:00,10.529345021459392
2010-11-18T01:00:00,10.462511177490228
2010-11-18T02:00:00,10.42567733352081
2010-11-18T03:00:00,10.368843489551637
2010-11-18T04:00:00,10.322009645582227
2010-11-18T05:00:00,10.245175801613073
2010-11-18T06:00:00,10.14834195764388
2010-11-18T07:00:00,10.021508113674486
2010-11-18T08:00:00,9.914674269705358
2010-11-18T09:00:00,9.807840425735947
2010-11-18T10:00:00,9.761006581766765
2010-11-18T11:00:00,9.704172737797364
2010-11-18T12:00:00,9.667338893828173
2010-11-18T13:00:00,9.640505049858803
2010-11-18T14:00:00,9.61367120588966
2010-11-18T15:00:00,10.076837361920468
2010-11-18T16:00:00,10.489983843239145
2010-11-18T17:00:00,10.23544275941697
2010-11-18T18:00:00,10.410901675594744
2010-11-18T19:00:00,10.576360591771618
2010-11-18T20:00:00,10.541819507949356
2010-11-18T21:00:00,10.527278424127132
2010-11-18T22:00:00,10.422737340304025
2010-11-18T23:00:00,10.298196256481788
2010-11-19T00:00:00,10.183655172658632
2010-11-19T01:00:00,10.069114088836443
2010-11-19T02:00:00,9.974573005014236
2010-11-19T03:00:00,9.890031921191053
2010-11-19T04:00:00,9.795490837368845
2010-11-19T05:00:00,9.680949753546656
2010-11-19T06:00:00,9.55640866972351
2010-11-19T07:00:00,9.411867585901291
2010-11-19T08:00:00,9.277326502079063
2010-11-19T09:00:00,9.132785418255935
2010-11-19T10:00:00,8.988244334433716
2010-11-19T11:00:00,8.883703250610552
2010-11-19T12:00:00,8.789162166788344
2010-11-19T13:00:00,8.694621082966137
2010-11-19T14:00:00,8.580079999142981
2010-11-19T15:00:00,8.525538915320737
2010-11-19T16:00:00,8.620997831498528
2010-11-19T17:00:00,8.816456747675375
2010-11-19T18:00:00,8.941915663853194
2010-11-19T19:00:00,9.077374580030948
2010-11-19T20:00:00,9.132833496207809
2010-11-19T21:00:00,9.158292412385606
2010-11-19T22:00:00,9.103751328562453
2010-11-19T23:00:00,9.019210244740236
2010-11-20T00:00:00,8.93466916091802
2010-11-20T01:00:00,8.870128077094876
2010-11-20T02:00:00,8.855586993272652
2010-11-20T03:00:00,8.831045909450438
2010-11-20T04:00:00,8.796504825627323
2010-11-20T05:00:00,8.761963741805062
2010-11-20T06:00:00,8.737422657982847
2010-11-20T07:00:00,8.692881574159742
2010-11-20T08:00:00,8.65834049033748
2010-11-20T09:00:00,8.603799406514383
2010-11-20T10:00:00,8.54925832269214
2010-11-20T11:00:00,8.494717238869953
2010-11-20T12:00:00,8.4401761550468
2010-11-20T13:00:00,8.425635071224576
2010-11-20T14:00:00,8.291093987402348
2010-11-20T15:00:00,8.316552903579236
2010-11-20T16:00:00,8.382011819756997
2010-11-20T17:00:00,8.50747073593476
2010-11-20T18:00:00,8.792929652111638
2010-11-20T19:00:00,9.068388568289436
2010-11-20T20:00:00,9.16384748446626
2010-11-20T21:00:00,9.179306400644066
2010-11-20T22:00:00,9.034765316821847
2010-11-20T23:00:00,8.830224232998717
2010-11-21T00:00:00,8.685683149176498
2010-11-21T01:00:00,8.571142065354252
2010-11-21T02:00:00,8.486600981531126
2010-11-21T03:00:00,8.432059897708882
2010-11-21T04:00:00,8.347518813886666
2010-11-21T05:00:00,8.232977730063567
2010-11-21T06:00:00,8.098436646241339
2010-11-21T07:00:00,7.9838955624181835
2010-11-21T08:00:00,7.819354478595983
2010-11-21T09:00:00,7.654813394773726
2010-11-21T10:00:00,7.480272310950625
2010-11-21T11:00:00,7.305731227128376
2010-11-21T12:00:00,7.1611901433061576
2010-11-21T13:00:00,7.05664905948305
2010-11-21T14:00:00,7.022107975660788
2010-11-21T15:00:00,7.027566891838603
2010-11-21T16:00:00,7.123025808015427
2010-11-21T17:00:00,7.308484724193249
2010-11-21T18:00:00,7.58394364037008
2010-11-21T19:00:00,7.689402556547861
2010-11-21T20:00:00,7.73486147272564
2010-11-21T21:00:00,7.740320388902489
2010-11-21T22:00:00,7.675779305080312
2010-11-21T23:00:00,7.621238221258068
2010-11-22T00:00:00,7.5766971374349055
2010-11-22T01:00:00,7.582156053612721
2010-11-22T02:00:00,7.59761496979047
2010-11-22T03:00:00,7.633073885967349
2010-11-22T04:00:00,7.678532802145128
2010-11-22T05:00:00,7.713991718322006
2010-11-22T06:00:00,7.739450634499747
2010-11-22T07:00:00,7.754909550677553
2010-11-22T08:00:00,7.760368466854402
2010-11-22T09:00:00,7.8358273830322105
2010-11-22T10:00:00,7.9612862992099735
2010-11-22T11:00:00,8.036745215386816
2010-11-22T12:00:00,8.132204131564606
2010-11-22T13:00:00,8.267663047742417
2010-11-22T14:00:00,8.453121963919273
2010-11-22T15:00:00,8.65858088009702
2010-11-22T16:00:00,8.854039796273923
2010-11-22T17:00:00,9.079498712451652
2010-11-22T18:00:00,9.324957628629477
2010-11-22T19:00:00,9.530416544806315
2010-11-22T20:00:00,9.695875460984098
2010-11-22T21:00:00,9.821334377161861
2010-11-22T22:00:00,9.946793293338715
2010-11-22T23:00:00,10.032252209516514
2010-11-23T00:00:00,10.117711125694314
2010-11-23T01:00:00,10.153170041871135
2010-11-23T02:00:00,10.198628958048914
2010-11-23T03:00:00,10.274087874226723
2010-11-23T04:00:00,10.329546790403583
2010-11-23T05:00:00,10.405005706581335
2010-11-23T06:00:00,10.480464622758234
2010-11-23T07:00:00,10.575923538936024
2010-11-23T08:00:00,10.711382455113778
2010-11-23T09:00:00,10.85684137129067
2010-11-23T10:00:00,10.932300287468422
2010-11-23T11:00:00,10.987759203646192
2010-11-23T12:00:00,11.083218119823073
2010-11-23T13:00:00,11.11867703600086
2010-11-23T14:00:00,11.054135952178626
2010-11-23T15:00:00,10.999594868355473
2010-11-23T16:00:00,11.075053784533281
2010-11-23T17:00:00,11.08051270071013
2010-11-23T18:00:00,11.085971616887889
2010-11-23T19:00:00,11.031430533065702
2010-11-23T20:00:00,10.906889449242556
2010-11-23T21:00:00,10.712348365420326
2010-11-23T22:00:00,10.447807281598102
2010-11-23T23:00:00,10.23326619777498
2010-11-24T00:00:00,10.018725113952769
2010-11-24T01:00:00,9.79418403013051
2010-11-24T02:00:00,9.579642946307388
2010-11-24T03:00:00,9.345101862485194
2010-11-24T04:00:00,9.100560778662043
2010-11-24T05:00:00,8.856019694839802
2010-11-24T06:00:00,8.581478611017587
2010-11-24T07:00:00,8.316937527194455
2010-11-24T08:00:00,8.092396443372252
2010-11-24T09:00:00,7.9078553595500125
2010-11-24T10:00:00,7.7433142757269025
2010-11-24T11:00:00,7.538773191904681
2010-11-24T12:00:00,7.304232108082431
2010-11-24T13:00:00,7.089691024259309
2010-11-24T14:00:00,6.925149940437052
2010-11-24T15:00:00,6.7906088566139715
2010-11-24T16:00:00,6.816067772791712
2010-11-24T17:00:00,7.001526688969477
2010-11-24T18:00:00,7.216985605146363
2010-11-24T19:00:00,7.332444521324135
2010-11-24T20:00:00,7.337903437501893
2010-11-24T21:00:00,7.283362353678797
2010-11-24T22:00:00,7.188821269856589
2010-11-24T23:00:00,7.074280186034343
2010-11-25T00:00:00,6.959739102211188
2010-11-25T01:00:00,6.8651980183889805
2010-11-25T02:00:00,6.770656934565864
2010-11-25T03:00:00,6.6661158507436085
2010-11-25T04:00:00,6.551574766921419
2010-11-25T05:00:00,6.3770336830982615
2010-11-25T06:00:00,6.192492599276022
2010-11-25T07:00:00,6.027951515453822
2010-11-25T08:00:00,5.883410431630693
2010-11-25T09:00:00,5.748869347808466
2010-11-25T10:00:00,5.604328263986247
2010-11-25T11:00:00,5.489787180163091
2010-11-25T12:00:00,5.365246096340911
2010-11-25T13:00:00,5.260705012517747
2010-11-25T14:00:00,5.17616392869553
2010-11-25T15:00:00,5.121622844873286
2010-11-25T16:00:00,5.087081761050172
2010-11-25T17:00:00,5.0625406772279575
2010-11-25T18:00:00,5.037999593405743
2010-11-25T19:00:00,5.0234585095826105
2010-11-25T20:00:00,4.998917425760396
2010-11-25T21:00:00,4.984376341938173
2010-11-25T22:00:00,4.979835258115031
2010-11-25T23:00:00,4.975294174292799
2010-11-26T00:00:00,4.990753090469639
2010-11-26T01:00:00,5.016212006647436
2010-11-26T02:00:00,5.061670922825215
2010-11-26T03:00:00,5.127129839002066
2010-11-26T04:00:00,5.182588755179836
2010-11-26T05:00:00,5.278047671357626
2010-11-26T06:00:00,5.393506587534489
2010-11-26T07:00:00,5.328965503712254
2010-11-26T08:00:00,5.214424419890065
2010-11-26T09:00:00,5.029883336066916
2010-11-26T10:00:00,4.785342252244675
2010-11-26T11:00:00,4.590801168421592
2010-11-26T12:00:00,4.376260084599323
2010-11-26T13:00:00,4.221719000777114
2010-11-26T14:00:00,4.087177916953976
2010-11-26T15:00:00,3.972636833131787
2010-11-26T16:00:00,3.888095749309514
2010-11-26T17:00:00,3.8535546654863992
2010-11-26T18:00:00,3.829013581664185
2010-11-26T19:00:00,3.784472497841989
2010-11-26T20:00:00,3.7299314140188358
2010-11-26T21:00:00,3.6453903301966193
2010-11-26T22:00:00,3.5408492463734547
2010-11-26T23:00:00,3.386308162551245
2010-11-27T00:00:00,3.271767078728999
2010-11-27T01:00:00,3.177225994905882
2010-11-27T02:00:00,3.072684911083684
2010-11-27T03:00:00,2.9581438272614378
2010-11-27T04:00:00,2.8336027434382913
2010-11-27T05:00:00,2.719061659616102
2010-11-27T06:00:00,2.614520575793847
2010-11-27T07:00:00,2.4799794919707097
2010-11-27T08:00:00,2.3654384081485205
2010-11-27T09:00:00,2.2808973243253945
2010-11-27T10:00:00,2.206356240503169
2010-11-27T11:00:00,2.1218151566809524
2010-11-27T12:00:00,2.067274072857799
2010-11-27T13:00:00,2.0027329890355645
2010-11-27T14:00:00,1.9581919052133685
2010-11-27T15:00:00,1.9736508213902084
2010-11-27T16:00:00,2.059109737568008
2010-11-27T17:00:00,2.104568653745787
2010-11-27T18:00:00,2.260027569922613
2010-11-27T19:00:00,2.4254864861003966
2010-11-27T20:00:00,2.550945402277307
2010-11-27T21:00:00,2.696404318455052
2010-11-27T22:00:00,2.7018632346328104
2010-11-27T23:00:00,2.647322150809714
2010-11-28T00:00:00,2.5927810669874702
2010-11-28T01:00:00,2.568239983165256
2010-11-28T02:00:00,2.5536988993421232
2010-11-28T03:00:00,2.5691578155199295
2010-11-28T04:00:00,2.59461673169767
2010-11-28T05:00:00,2.600075647874519
2010-11-28T06:00:00,2.5855345640522955
2010-11-28T07:00:00,2.530993480229199
2010-11-28T08:00:00,2.4764523964069554
2010-11-28T09:00:00,2.4219113125847684
2010-11-28T10:00:00,2.377370228761606
2010-11-28T11:00:00,2.342829144939401
2010-11-28T12:00:00,2.3282880611171777
2010-11-28T13:00:00,2.313746977294045
2010-11-28T14:00:00,2.3292058934717943
2010-11-28T15:00:00,2.3546648096495915
2010-11-28T16:00:00,2.410123725826452
2010-11-28T17:00:00,2.515582642004233
2010-11-28T18:00:00,2.621041558181105
2010-11-28T19:00:00,2.7065004743588474
2010-11-28T20:00:00,2.801959390536638
2010-11-28T21:00:00,2.8374183067135164
2010-11-28T22:00:00,2.8028772228913112
2010-11-28T23:00:00,2.708336139069047
2010-11-29T00:00:00,2.6037950552459392
2010-11-29T01:00:00,2.499253971423741
2010-11-29T02:00:00,2.4247128876015154
2010-11-29T03:00:00,2.3501718037783803
2010-11-29T04:00:00,2.2756307199561547
2010-11-29T05:00:00,2.1910896361330288
2010-11-29T06:00:00,2.1065485523107554
2010-11-29T07:00:00,2.002007468488557
2010-11-29T08:00:00,1.8774663846654107
2010-11-29T09:00:00,1.7529253008431738
2010-11-29T10:00:00,1.608384217020955
2010-11-29T11:00:00,1.4638431331978268
2010-11-29T12:00:00,1.329302049375599
2010-11-29T13:00:00,1.194760965553371
2010-11-29T14:00:00,1.1002198817302542
2010-11-29T15:00:00,1.0956787979080218
2010-11-29T16:00:00,1.2311377140849231
2010-11-29T17:00:00,1.5565966302626748
2010-11-29T18:00:00,1.9020555464404652
2010-11-29T19:00:00,2.237514462617355
2010-11-29T20:00:00,2.462973378795084
2010-11-29T21:00:00,2.6084322949728858
2010-11-29T22:00:00,2.5638912111497234
2010-11-29T23:00:00,2.479350127327507
2010-11-30T00:00:00,2.3848090435052995
2010-11-30T01:00:00,2.3002679596821736
2010-11-30T02:00:00,2.24572687585993
2010-11-30T03:00:00,2.241185792036788
2010-11-30T04:00:00,2.276644708214576
2010-11-30T05:00:00,2.322103624392355
2010-11-30T06:00:00,2.3675625405692244
2010-11-30T07:00:00,2.4030214567470125
2010-11-30T08:00:00,2.4284803729248097
2010-11-30T09:00:00,2.423939289101668
2010-11-30T10:00:00,2.439398205279417
2010-11-30T11:00:00,2.4448571214572326
2010-11-30T12:00:00,2.4803160376340543
2010-11-30T13:00:00,2.5657749538118537
2010-11-30T14:00:00,2.6812338699887164
2010-11-30T15:00:00,2.826692786166518
2010-11-30T16:00:00,3.0121517023442834
2010-11-30T17:00:00,3.1776106185211574
2010-11-30T18:00:00,3.3230695346989023
2010-11-30T19:00:00,3.488528450876686
2010-11-30T20:00:00,3.6639873670535508
2010-11-30T21:00:00,3.839446283231325
2010-11-30T22:00:00,3.994905199409118
2010-11-30T23:00:00,4.120364115585971
2010-12-01T00:00:00,4.2358230317637435
2010-12-01T01:00:00,4.361281947940597
2010-12-01T02:00:00,4.476740864118426
2010-12-01T03:00:00,4.622199780296171
2010-12-01T04:00:00,4.777658696473054
2010-12-01T05:00:00,4.833117612650824
2010-12-01T06:00:00,4.878576528828603
2010-12-01T07:00:00,4.894035445005443
2010-12-01T08:00:00,4.899494361183258
2010-12-01T09:00:00,4.874953277361044
2010-12-01T10:00:00,4.830412193537882
2010-12-01T11:00:00,4.775871109715638
2010-12-01T12:00:00,4.711330025892551
2010-12-01T13:00:00,4.636788942070325
2010-12-01T14:00:00,4.562247858248099
2010-12-01T15:00:00,4.2277067744249734
2010-12-01T16:00:00,4.3799999999999955
2010-12-01T17:00:00,4.340000000000032
2010-12-01T18:00:00,4.310000000000002
2010-12-01T19:00:00,4.2900000000000205
2010-12-01T20:00:00,4.269999999999982
2010-12-01T21:00:00,4.220000000000027
2010-12-01T22:00:00,4.139999999999986
2010-12-01T23:00:00,4.050000000000011
2010-12-02T00:00:00,3.9700000000000273
2010-12-02T01:00:00,3.8500000000000227
2010-12-02T02:00:00,3.740000000000009
2010-12-02T03:00:00,3.6399999999999864
2010-12-02T04:00:00,3.480000000000018
2010-12-02T05:00:00,3.2900000000000205
2010-12-02T06:00:00,3.1100000000000136
2010-12-02T07:00:00,2.9700000000000273
2010-12-02T08:00:00,2.8600000000000136
2010-12-02T09:00:00,2.75
2010-12-02T10:00:00,2.660000000000025
2010-12-02T11:00:00,2.569999999999993
2010-12-02T12:00:00,2.490000000000009
2010-12-02T13:00:00,2.420000000000016
2010-12-02T14:00:00,2.3600000000000136
2010-12-02T15:00:00,2.329999999999984
2010-12-02T16:00:00,2.319999999999993
2010-12-02T17:00:00,2.329999999999984
2010-12-02T18:00:00,2.3600000000000136
2010-12-02T19:00:00,2.3700000000000045
2010-12-02T20:00:00,2.3799999999999955
2010-12-02T21:00:00,2.3700000000000045
2010-12-02T22:00:00,2.340000000000032
2010-12-02T23:00:00,2.3100000000000023
2010-12-03T00:00:00,2.2800000000000296
2010-12-03T01:00:00,2.240000000000009
2010-12-03T02:00:00,2.1999999999999886
2010-12-03T03:00:00,2.160000000000025
2010-12-03T04:00:00,2.1299999999999955
2010-12-03T05:00:00,2.1000000000000227
2010-12-03T06:00:00,2.0600000000000023
2010-12-03T07:00:00,2.019999999999982
2010-12-03T08:00:00,1.9800000000000182
2010-12-03T09:00:00,1.8999999999999773
2010-12-03T10:00:00,1.8400000000000318
2010-12-03T11:00:00,1.7900000000000205
2010-12-03T12:00:00,1.7300000000000182
2010-12-03T13:00:00,1.6899999999999977
2010-12-03T14:00:00,1.670000000000016
2010-12-03T15:00:00,1.6999999999999886
2010-12-03T16:00:00,1.7800000000000296
2010-12-03T17:00:00,1.8799999999999955
2010-12-03T18:00:00,2.0500000000000114
2010-12-03T19:00:00,2.1899999999999977
2010-12-03T20:00:00,2.259999999999991
2010-12-03T21:00:00,2.340000000000032
2010-12-03T22:00:00,2.329999999999984
2010-12-03T23:00:00,2.329999999999984
2010-12-04T00:00:00,2.2900000000000205
2010-12-04T01:00:00,2.240000000000009
2010-12-04T02:00:00,2.2200000000000273
2010-12-04T03:00:00,2.180000000000007
2010-12-04T04:00:00,2.1299999999999955
2010-12-04T05:00:00,2.090000000000032
2010-12-04T06:00:00,2.0500000000000114
2010-12-04T07:00:00,2.009999999999991
2010-12-04T08:00:00,1.9800000000000182
2010-12-04T09:00:00,1.9499999999999886
2010-12-04T10:00:00,1.920000000000016
2010-12-04T11:00:00,1.8400000000000318
2010-12-04T12:00:00,1.7699999999999818
2010-12-04T13:00:00,1.7099999999999795
2010-12-04T14:00:00,1.6299999999999955
2010-12-04T15:00:00,1.6000000000000227
2010-12-04T16:00:00,1.6499999999999773
2010-12-04T17:00:00,1.75
2010-12-04T18:00:00,1.8700000000000045
2010-12-04T19:00:00,1.910000000000025
2010-12-04T20:00:00,1.910000000000025
2010-12-04T21:00:00,1.8799999999999955
2010-12-04T22:00:00,1.829999999999984
2010-12-04T23:00:00,1.759999999999991
2010-12-05T00:00:00,1.6899999999999977
2010-12-05T01:00:00,1.5699999999999932
2010-12-05T02:00:00,1.410000000000025
2010-12-05T03:00:00,1.25
2010-12-05T04:00:00,1.079999999999984
2010-12-05T05:00:00,0.8999999999999773
2010-12-05T06:00:00,0.7599999999999909
2010-12-05T07:00:00,0.6399999999999864
2010-12-05T08:00:00,0.5300000000000296
2010-12-05T09:00:00,0.37999999999999545
2010-12-05T10:00:00,0.22000000000002728
2010-12-05T11:00:00,0.18999999999999773
2010-12-05T12:00:00,0.19999999999998863
2010-12-05T13:00:00,0.19999999999998863
2010-12-05T14:00:00,0.20999999999997954
2010-12-05T15:00:00,0.19999999999998863
2010-12-05T16:00:00,0.22000000000002728
2010-12-05T17:00:00,0.2300000000000182
2010-12-05T18:00:00,0.2699999999999818
2010-12-05T19:00:00,0.2699999999999818
2010-12-05T20:00:00,0.3299999999999841
2010-12-05T21:00:00,0.28000000000002956
2010-12-05T22:00:00,0.28000000000002956
2010-12-05T23:00:00,0.20999999999997954
2010-12-06T00:00:00,0.18000000000000682
2010-12-06T01:00:00,0.18999999999999773
2010-12-06T02:00:00,0.19999999999998863
2010-12-06T03:00:00,0.19999999999998863
2010-12-06T04:00:00,0.20999999999997954
2010-12-06T05:00:00,0.20999999999997954
2010-12-06T06:00:00,0.20999999999997954
2010-12-06T07:00:00,0.19999999999998863
2010-12-06T08:00:00,0.19999999999998863
2010-12-06T09:00:00,0.19999999999998863
2010-12-06T10:00:00,0.18999999999999773
2010-12-06T11:00:00,0.18999999999999773
2010-12-06T12:00:00,0.18999999999999773
2010-12-06T13:00:00,0.18999999999999773
2010-12-06T14:00:00,0.18999999999999773
2010-12-06T15:00:00,0.18999999999999773
2010-12-06T16:00:00,0.18999999999999773
2010-12-06T17:00:00,0.20999999999997954
2010-12-06T18:00:00,0.2300000000000182
2010-12-06T19:00:00,0.2400000000000091
2010-12-06T20:00:00,0.2300000000000182
2010-12-06T21:00:00,0.20999999999997954
2010-12-06T22:00:00,0.18000000000000682
2010-12-06T23:00:00,0.18000000000000682
2010-12-07T00:00:00,0.18999999999999773
2010-12-07T01:00:00,0.18000000000000682
2010-12-07T02:00:00,0.18999999999999773
2010-12-07T03:00:00,0.18000000000000682
2010-12-07T04:00:00,0.18999999999999773
2010-12-07T05:00:00,0.18999999999999773
2010-12-07T06:00:00,0.18999999999999773
2010-12-07T07:00:00,0.18999999999999773
2010-12-07T08:00:00,0.18999999999999773
2010-12-07T09:00:00,0.19999999999998863
2010-12-07T10:00:00,0.18999999999999773
2010-12-07T11:00:00,0.18999999999999773
2010-12-07T12:00:00,0.18999999999999773
2010-12-07T13:00:00,0.18000000000000682
2010-12-07T14:00:00,0.18000000000000682
2010-12-07T15:00:00,0.18999999999999773
2010-12-07T16:00:00,0.19999999999998863
2010-12-07T17:00:00,0.19999999999998863
2010-12-07T18:00:00,0.20999999999997954
2010-12-07T19:00:00,0.22000000000002728
2010-12-07T20:00:00,0.22000000000002728
2010-12-07T21:00:00,0.18999999999999773
2010-12-07T22:00:00,0.18000000000000682
2010-12-07T23:00:00,0.18000000000000682
2010-12-08T00:00:00,0.18000000000000682
2010-12-08T01:00:00,0.18000000000000682
2010-12-08T02:00:00,0.18000000000000682
2010-12-08T03:00:00,0.18000000000000682
2010-12-08T04:00:00,0.18000000000000682
2010-12-08T05:00:00,0.18999999999999773
2010-12-08T06:00:00,0.18999999999999773
2010-12-08T07:00:00,0.18000000000000682
2010-12-08T08:00:00,0.18000000000000682
2010-12-08T09:00:00,0.18000000000000682
2010-12-08T10:00:00,0.18000000000000682
2010-12-08T11:00:00,0.17000000000001592
2010-12-08T12:00:00,0.18000000000000682
2010-12-08T13:00:00,0.18000000000000682
2010-12-08T14:00:00,0.18000000000000682
2010-12-08T15:00:00,0.18000000000000682
2010-12-08T16:00:00,0.18000000000000682
2010-12-08T17:00:00,0.18999999999999773
2010-12-08T18:00:00,0.19999999999998863
2010-12-08T19:00:00,0.19999999999998863
2010-12-08T20:00:00,0.18999999999999773
2010-12-08T21:00:00,0.18000000000000682
2010-12-08T22:00:00,0.17000000000001592
2010-12-08T23:00:00,0.17000000000001592
2010-12-09T00:00:00,0.17000000000001592
2010-12-09T01:00:00,0.17000000000001592
2010-12-09T02:00:00,0.17000000000001592
2010-12-09T03:00:00,0.17000000000001592
2010-12-09T04:00:00,0.17000000000001592
2010-12-09T05:00:00,0.18000000000000682
2010-12-09T06:00:00,0.18000000000000682
2010-12-09T07:00:00,0.18000000000000682
2010-12-09T08:00:00,0.17000000000001592
2010-12-09T09:00:00,0.17000000000001592
2010-12-09T10:00:00,0.17000000000001592
2010-12-09T11:00:00,0.17000000000001592
2010-12-09T12:00:00,0.17000000000001592
2010-12-09T13:00:00,0.17000000000001592
2010-12-09T14:00:00,0.17000000000001592
2010-12-09T15:00:00,0.18000000000000682
2010-12-09T16:00:00,0.18000000000000682
2010-12-09T17:00:00,0.18999999999999773
2010-12-09T18:00:00,0.18999999999999773
2010-12-09T19:00:00,0.18999999999999773
2010-12-09T20:00:00,0.19999999999998863
2010-12-09T21:00:00,0.19999999999998863
2010-12-09T22:00:00,0.17000000000001592
2010-12-09T23:00:00,0.17000000000001592
2010-12-10T00:00:00,0.17000000000001592
2010-12-10T01:00:00,0.17000000000001592
2010-12-10T02:00:00,0.18000000000000682
2010-12-10T03:00:00,0.18000000000000682
2010-12-10T04:00:00,0.18000000000000682
2010-12-10T05:00:00,0.18999999999999773
2010-12-10T06:00:00,0.18000000000000682
2010-12-10T07:00:00,0.18000000000000682
2010-12-10T08:00:00,0.18999999999999773
2010-12-10T09:00:00,0.18999999999999773
2010-12-10T10:00:00,0.18000000000000682
2010-12-10T11:00:00,0.18000000000000682
2010-12-10T12:00:00,0.18000000000000682
2010-12-10T13:00:00,0.18000000000000682
2010-12-10T14:00:00,0.18000000000000682
2010-12-10T15:00:00,0.18000000000000682
2010-12-10T16:00:00,0.18999999999999773
2010-12-10T17:00:00,0.18000000000000682
2010-12-10T18:00:00,0.18000000000000682
2010-12-10T19:00:00,0.18999999999999773
2010-12-10T20:00:00,0.18000000000000682
2010-12-10T21:00:00,0.18000000000000682
2010-12-10T22:00:00,0.18000000000000682
2010-12-10T23:00:00,0.18999999999999773
2010-12-11T00:00:00,0.19999999999998863
2010-12-11T01:00:00,0.18999999999999773
2010-12-11T02:00:00,0.18999999999999773
2010-12-11T03:00:00,0.18999999999999773
2010-12-11T04:00:00,0.19999999999998863
2010-12-11T05:00:00,0.19999999999998863
2010-12-11T06:00:00,0.18999999999999773
2010-12-11T07:00:00,0.18999999999999773
2010-12-11T08:00:00,0.18999999999999773
2010-12-11T09:00:00,0.18999999999999773
2010-12-11T10:00:00,0.18999999999999773
2010-12-11T11:00:00,0.19999999999998863
2010-12-11T12:00:00,0.18999999999999773
2010-12-11T13:00:00,0.18999999999999773
2010-12-11T14:00:00,0.19999999999998863
2010-12-11T15:00:00,0.20999999999997954
2010-12-11T16:00:00,0.2300000000000182
2010-12-11T17:00:00,0.25
2010-12-11T18:00:00,0.28000000000002956
2010-12-11T19:00:00,0.3199999999999932
2010-12-11T20:00:00,0.34000000000003183
2010-12-11T21:00:00,0.34000000000003183
2010-12-11T22:00:00,0.3299999999999841
2010-12-11T23:00:00,0.3100000000000023
2010-12-12T00:00:00,0.3100000000000023
2010-12-12T01:00:00,0.30000000000001137
2010-12-12T02:00:00,0.30000000000001137
2010-12-12T03:00:00,0.2699999999999818
2010-12-12T04:00:00,0.2400000000000091
2010-12-12T05:00:00,0.20999999999997954
2010-12-12T06:00:00,0.19999999999998863
2010-12-12T07:00:00,0.19999999999998863
2010-12-12T08:00:00,0.19999999999998863
2010-12-12T09:00:00,0.20999999999997954
2010-12-12T10:00:00,0.22000000000002728
2010-12-12T11:00:00,0.20999999999997954
2010-12-12T12:00:00,0.19999999999998863
2010-12-12T13:00:00,0.18999999999999773
2010-12-12T14:00:00,0.18999999999999773
2010-12-12T15:00:00,0.19999999999998863
2010-12-12T16:00:00,0.22000000000002728
2010-12-12T17:00:00,0.22000000000002728
2010-12-12T18:00:00,0.22000000000002728
2010-12-12T19:00:00,0.20999999999997954
2010-12-12T20:00:00,0.19999999999998863
2010-12-12T21:00:00,0.19999999999998863
2010-12-12T22:00:00,0.18999999999999773
2010-12-12T23:00:00,0.18999999999999773
2010-12-13T00:00:00,0.18000000000000682
2010-12-13T01:00:00,0.18000000000000682
2010-12-13T02:00:00,0.17000000000001592
2010-12-13T03:00:00,0.18000000000000682
2010-12-13T04:00:00,0.18999999999999773
2010-12-13T05:00:00,0.18999999999999773
2010-12-13T06:00:00,0.20999999999997954
2010-12-13T07:00:00,0.19999999999998863
2010-12-13T08:00:00,0.18999999999999773
2010-12-13T09:00:00,0.18000000000000682
2010-12-13T10:00:00,0.17000000000001592
2010-12-13T11:00:00,0.17000000000001592
2010-12-13T12:00:00,0.17000000000001592
2010-12-13T13:00:00,0.160000000000025
2010-12-13T14:00:00,0.17000000000001592
2010-12-13T15:00:00,0.17000000000001592
2010-12-13T16:00:00,0.17000000000001592
2010-12-13T17:00:00,0.18999999999999773
2010-12-13T18:00:00,0.18999999999999773
2010-12-13T19:00:00,0.18000000000000682
2010-12-13T20:00:00,0.18000000000000682
2010-12-13T21:00:00,0.18000000000000682
2010-12-13T22:00:00,0.17000000000001592
2010-12-13T23:00:00,0.17000000000001592
2010-12-14T00:00:00,0.17000000000001592
2010-12-14T01:00:00,0.17000000000001592
2010-12-14T02:00:00,0.17000000000001592
2010-12-14T03:00:00,0.18000000000000682
2010-12-14T04:00:00,0.18000000000000682
2010-12-14T05:00:00,0.17000000000001592
2010-12-14T06:00:00,0.17000000000001592
2010-12-14T07:00:00,0.17000000000001592
2010-12-14T08:00:00,0.17000000000001592
2010-12-14T09:00:00,0.17000000000001592
2010-12-14T10:00:00,0.18000000000000682
2010-12-14T11:00:00,0.18999999999999773
2010-12-14T12:00:00,0.19999999999998863
2010-12-14T13:00:00,0.20999999999997954
2010-12-14T14:00:00,0.19999999999998863
2010-12-14T15:00:00,0.19999999999998863
2010-12-14T16:00:00,0.19999999999998863
2010-12-14T17:00:00,0.18999999999999773
2010-12-14T18:00:00,0.19999999999998863
2010-12-14T19:00:00,0.18999999999999773
2010-12-14T20:00:00,0.18999999999999773
2010-12-14T21:00:00,0.18999999999999773
2010-12-14T22:00:00,0.18000000000000682
2010-12-14T23:00:00,0.18000000000000682
2010-12-15T00:00:00,0.18000000000000682
2010-12-15T01:00:00,0.18000000000000682
2010-12-15T02:00:00,0.18000000000000682
2010-12-15T03:00:00,0.18000000000000682
2010-12-15T04:00:00,0.18000000000000682
2010-12-15T05:00:00,0.18000000000000682
2010-12-15T06:00:00,0.18000000000000682
2010-12-15T07:00:00,0.18000000000000682
2010-12-15T08:00:00,0.18999999999999773
2010-12-15T09:00:00,0.18999999999999773
2010-12-15T10:00:00,0.18000000000000682
2010-12-15T11:00:00,0.18000000000000682
2010-12-15T12:00:00,0.18000000000000682
2010-12-15T13:00:00,0.17000000000001592
2010-12-15T14:00:00,0.18000000000000682
2010-12-15T15:00:00,0.18000000000000682
2010-12-15T16:00:00,0.17004301345245665
2010-12-15T17:00:00,0.18013221185612593
2010-12-15T18:00:00,0.18022141025981142
2010-12-15T19:00:00,0.1803106086634898
2010-12-15T20:00:00,0.17039980706717728
2010-12-15T21:00:00,0.18048900547084656
2010-12-15T22:00:00,0.18057820387452495
2010-12-15T23:00:00,0.17066740227821242
2010-12-16T00:00:00,0.1707566006818908
2010-12-16T01:00:00,0.17084579908556918
2010-12-16T02:00:00,0.17093499748924756
2010-12-16T03:00:00,0.17102419589292595
2010-12-16T04:00:00,0.17111339429660433
2010-12-16T05:00:00,0.1712025927002827
2010-12-16T06:00:00,0.181291791103952
2010-12-16T07:00:00,0.18138098950763748
2010-12-16T08:00:00,0.17147018791132496
2010-12-16T09:00:00,0.17155938631500334
2010-12-16T10:00:00,0.17164858471868172
2010-12-16T11:00:00,0.1717377831223601
2010-12-16T12:00:00,0.17182698152603848
2010-12-16T13:00:00,0.17191617992971686
2010-12-16T14:00:00,0.17200537833339524
2010-12-16T15:00:00,0.17209457673707362
2010-12-16T16:00:00,0.172183775140752
2010-12-16T17:00:00,0.17227297354443039
2010-12-16T18:00:00,0.18236217194809967
2010-12-16T19:00:00,0.17245137035178715
2010-12-16T20:00:00,0.17254056875547263
2010-12-16T21:00:00,0.17262976715915102
2010-12-16T22:00:00,0.1727189655628294
2010-12-16T23:00:00,0.17280816396650778
2010-12-17T00:00:00,0.17289736237018616
2010-12-17T01:00:00,0.17298656077386454
2010-12-17T02:00:00,0.17307575917754292
2010-12-17T03:00:00,0.1731649575812213
2010-12-17T04:00:00,0.17325415598489968
2010-12-17T05:00:00,0.17334335438857806
2010-12-17T06:00:00,0.17343255279225644
2010-12-17T07:00:00,0.17352175119593483
2010-12-17T08:00:00,0.1736109495996203
2010-12-17T09:00:00,0.1837001480032896
2010-12-17T10:00:00,0.18378934640696798
2010-12-17T11:00:00,0.17387854481065546
2010-12-17T12:00:00,0.16396774321434293
2010-12-17T13:00:00,0.17405694161801222
2010-12-17T14:00:00,0.1741461400216906
2010-12-17T15:00:00,0.17423533842536898
2010-12-17T16:00:00,0.17432453682904736
2010-12-17T17:00:00,0.18441373523271665
2010-12-17T18:00:00,0.18450293363639503
2010-12-17T19:00:00,0.1845921320400734
2010-12-17T20:00:00,0.1846813304437518
2010-12-17T21:00:00,0.18477052884743728
2010-12-17T22:00:00,0.17485972725112475
2010-12-17T23:00:00,0.17494892565480313
2010-12-18T00:00:00,0.17503812405848151
2010-12-18T01:00:00,0.1751273224621599
2010-12-18T02:00:00,0.17521652086583828
2010-12-18T03:00:00,0.18530571926950756
2010-12-18T04:00:00,0.18539491767318594
2010-12-18T05:00:00,0.18548411607686432
2010-12-18T06:00:00,0.1855733144805427
2010-12-18T07:00:00,0.1856625128842211
2010-12-18T08:00:00,0.18575171128789947
2010-12-18T09:00:00,0.18584090969157785
2010-12-18T10:00:00,0.18593010809526334
2010-12-18T11:00:00,0.18601930649894172
2010-12-18T12:00:00,0.1861085049026201
2010-12-18T13:00:00,0.18619770330629848
2010-12-18T14:00:00,0.18628690170997686
2010-12-18T15:00:00,0.18637610011365524
2010-12-18T16:00:00,0.19646529851732453
2010-12-18T17:00:00,0.1965544969210029
2010-12-18T18:00:00,0.1966436953246813
2010-12-18T19:00:00,0.19673289372835967
2010-12-18T20:00:00,0.19682209213203805
2010-12-18T21:00:00,0.19691129053571643
2010-12-18T22:00:00,0.19700048893940192
2010-12-18T23:00:00,0.1970896873430803
2010-12-19T00:00:00,0.19717888574675868
2010-12-19T01:00:00,0.19726808415043706
2010-12-19T02:00:00,0.19735728255411544
2010-12-19T03:00:00,0.19744648095779382
2010-12-19T04:00:00,0.1975356793614722
2010-12-19T05:00:00,0.1976248777651506
2010-12-19T06:00:00,0.19771407616882897
2010-12-19T07:00:00,0.19780327457250735
2010-12-19T08:00:00,0.21789247297616754
2010-12-19T09:00:00,0.22798167137989367
2010-12-19T10:00:00,0.2180708697835243
2010-12-19T11:00:00,0.2181600681872098
2010-12-19T12:00:00,0.21824926659088817
2010-12-19T13:00:00,0.20833846499457565
2010-12-19T14:00:00,0.20842766339825403
2010-12-19T15:00:00,0.2185168618019233
2010-12-19T16:00:00,0.2186060602056017
2010-12-19T17:00:00,0.21869525860928007
2010-12-19T18:00:00,0.20878445701296755
2010-12-19T19:00:00,0.20887365541664593
2010-12-19T20:00:00,0.2089628538203243
2010-12-19T21:00:00,0.2090520522240027
2010-12-19T22:00:00,0.20914125062768107
2010-12-19T23:00:00,0.20923044903135946
2010-12-20T00:00:00,0.20931964743504494
2010-12-20T01:00:00,0.20940884583872332
2010-12-20T02:00:00,0.2094980442424017
2010-12-20T03:00:00,0.20958724264608009
2010-12-20T04:00:00,0.20967644104975847
2010-12-20T05:00:00,0.20976563945343685
2010-12-20T06:00:00,0.20985483785711523
2010-12-20T07:00:00,0.1999440362608027
2010-12-20T08:00:00,0.210033234664472
2010-12-20T09:00:00,0.20012243306815947
2010-12-20T10:00:00,0.21021163147182875
2010-12-20T11:00:00,0.21030082987550713
2010-12-20T12:00:00,0.21039002827919262
2010-12-20T13:00:00,0.210479226682871
2010-12-20T14:00:00,0.21056842508654938
2010-12-20T15:00:00,0.21065762349022776
2010-12-20T16:00:00,0.21074682189390614
2010-12-20T17:00:00,0.21083602029758453
2010-12-20T18:00:00,0.2209252187012538
2010-12-20T19:00:00,0.2210144171049322
2010-12-20T20:00:00,0.21110361550861967
2010-12-20T21:00:00,0.22119281391228895
2010-12-20T22:00:00,0.21128201231597643
2010-12-20T23:00:00,0.2113712107196548
2010-12-21T00:00:00,0.2114604091233332
2010-12-21T01:00:00,0.21154960752701868
2010-12-21T02:00:00,0.21163880593069706
2010-12-21T03:00:00,0.21172800433437544
2010-12-21T04:00:00,0.22181720273804473
2010-12-21T05:00:00,0.2119064011417322
2010-12-21T06:00:00,0.2219955995454015
2010-12-21T07:00:00,0.21208479794908897
2010-12-21T08:00:00,0.22217399635275825
2010-12-21T09:00:00,0.22226319475643663
2010-12-21T10:00:00,0.2123523931601241
2010-12-21T11:00:00,0.2124415915638025
2010-12-21T12:00:00,0.21253078996748087
2010-12-21T13:00:00,0.21261998837115925
2010-12-21T14:00:00,0.20270918677485383
2010-12-21T15:00:00,0.21279838517852312
2010-12-21T16:00:00,0.2128875835822015
2010-12-21T17:00:00,0.21297678198587988
2010-12-21T18:00:00,0.21306598038955826
2010-12-21T19:00:00,0.21315517879323664
2010-12-21T20:00:00,0.22324437719690593
2010-12-21T21:00:00,0.2133335756005934
2010-12-21T22:00:00,0.2134227740042718
2010-12-21T23:00:00,0.21351197240795017
2010-12-22T00:00:00,0.20360117081163764
2010-12-22T01:00:00,0.21369036921530693
2010-12-22T02:00:00,0.21377956761899242
2010-12-22T03:00:00,0.2238687660226617
2010-12-22T04:00:00,0.22395796442634008
2010-12-22T05:00:00,0.21404716283002756
2010-12-22T06:00:00,0.22413636123369685
2010-12-22T07:00:00,0.22422555963737523
2010-12-22T08:00:00,0.2143147580410627
2010-12-22T09:00:00,0.21440395644474108
2010-12-22T10:00:00,0.20449315484842856
2010-12-22T11:00:00,0.20458235325210694
2010-12-22T12:00:00,0.20467155165578532
2010-12-22T13:00:00,0.2047607500594637
2010-12-22T14:00:00,0.214849948463133
2010-12-22T15:00:00,0.20493914686682757
2010-12-22T16:00:00,0.20502834527050595
2010-12-22T17:00:00,0.21511754367417524
2010-12-22T18:00:00,0.21520674207785362
2010-12-22T19:00:00,0.215295940481532
2010-12-22T20:00:00,0.21538513888521038
2010-12-22T21:00:00,0.21547433728888876
2010-12-22T22:00:00,0.20556353569257624
2010-12-22T23:00:00,0.20565273409625462
2010-12-23T00:00:00,0.205741932499933
2010-12-23T01:00:00,0.20583113090361138
2010-12-23T02:00:00,0.20592032930728976
2010-12-23T03:00:00,0.20600952771096814
2010-12-23T04:00:00,0.20609872611465363
2010-12-23T05:00:00,0.21618792451832292
2010-12-23T06:00:00,0.2162771229220013
2010-12-23T07:00:00,0.20636632132568877
2010-12-23T08:00:00,0.21645551972935806
2010-12-23T09:00:00,0.21654471813303644
2010-12-23T10:00:00,0.21663391653671482
2010-12-23T11:00:00,0.2067231149404023
2010-12-23T12:00:00,0.20681231334408068
2010-12-23T13:00:00,0.20690151174775906
2010-12-23T14:00:00,0.20699071015143744
2010-12-23T15:00:00,0.20707990855511582
2010-12-23T16:00:00,0.2171691069587922
2010-12-23T17:00:00,0.2272583053624615
2010-12-23T18:00:00,0.21734750376614898
2010-12-23T19:00:00,0.21743670216982736
2010-12-23T20:00:00,0.22752590057349664
2010-12-23T21:00:00,0.21761509897718412
2010-12-23T22:00:00,0.2077042973808716
2010-12-23T23:00:00,0.20779349578454998
2010-12-24T00:00:00,0.21788269418821926
2010-12-24T01:00:00,0.20797189259190674
2010-12-24T02:00:00,0.20806109099558512
2010-12-24T03:00:00,0.2081502893992635
2010-12-24T04:00:00,0.20823948780294188
2010-12-24T05:00:00,0.21832868620661827
2010-12-24T06:00:00,0.20841788461030575
2010-12-24T07:00:00,0.20850708301398413
2010-12-24T08:00:00,0.21859628141765342
2010-12-24T09:00:00,0.2086854798213409
2010-12-24T10:00:00,0.21877467822501018
2010-12-24T11:00:00,0.21886387662868856
2010-12-24T12:00:00,0.19895307503238513
2010-12-24T13:00:00,0.20904227343605442
2010-12-24T14:00:00,0.2091314718397328
2010-12-24T15:00:00,0.20922067024341118
2010-12-24T16:00:00,0.20930986864708956
2010-12-24T17:00:00,0.22939906705074975
2010-12-24T18:00:00,0.21948826545444433
2010-12-24T19:00:00,0.2195774638581227
2010-12-24T20:00:00,0.2196666622618011
2010-12-24T21:00:00,0.21975586066547947
2010-12-24T22:00:00,0.20984505906916695
2010-12-24T23:00:00,0.20993425747284533
2010-12-25T00:00:00,0.2100234558765237
2010-12-25T01:00:00,0.2101126542802021
2010-12-25T02:00:00,0.20020185268388957
2010-12-25T03:00:00,0.21029105108755886
2010-12-25T04:00:00,0.21038024949123724
2010-12-25T05:00:00,0.21046944789491562
2010-12-25T06:00:00,0.2105586462986011
2010-12-25T07:00:00,0.21064784470227949
2010-12-25T08:00:00,0.21073704310595787
2010-12-25T09:00:00,0.22082624150962715
2010-12-25T10:00:00,0.22091543991330553
2010-12-25T11:00:00,0.211004638316993
2010-12-25T12:00:00,0.2110938367206714
2010-12-25T13:00:00,0.21118303512434977
2010-12-25T14:00:00,0.21127223352802815
2010-12-25T15:00:00,0.21136143193170653
2010-12-25T16:00:00,0.22145063033537582
2010-12-25T17:00:00,0.2215398287390542
2010-12-25T18:00:00,0.2316290271427235
2010-12-25T19:00:00,0.23171822554640897
2010-12-25T20:00:00,0.23180742395008735
2010-12-25T21:00:00,0.22189662235377483
2010-12-25T22:00:00,0.2219858207574532
2010-12-25T23:00:00,0.2120750191611407
2010-12-26T00:00:00,0.22216421756480997
2010-12-26T01:00:00,0.21225341596849745
2010-12-26T02:00:00,0.22234261437216674
2010-12-26T03:00:00,0.2124318127758542
2010-12-26T04:00:00,0.2225210111795235
2010-12-26T05:00:00,0.21261020958321097
2010-12-26T06:00:00,0.22269940798688026
2010-12-26T07:00:00,0.22278860639055864
2010-12-26T08:00:00,0.22287780479424413
2010-12-26T09:00:00,0.2129670031979316
2010-12-26T10:00:00,0.2230562016016009
2010-12-26T11:00:00,0.21314540000528837
2010-12-26T12:00:00,0.21323459840896675
2010-12-26T13:00:00,0.21332379681264513
2010-12-26T14:00:00,0.2134129952163235
2010-12-26T15:00:00,0.2235021936199928
2010-12-26T16:00:00,0.22359139202367118
2010-12-26T17:00:00,0.23368059042734046
2010-12-26T18:00:00,0.2437697888310666
2010-12-26T19:00:00,0.24385898723474497
2010-12-26T20:00:00,0.2339481856383827
2010-12-26T21:00:00,0.2340373840420611
2010-12-26T22:00:00,0.22412658244574857
2010-12-26T23:00:00,0.21421578084943604
2010-12-27T00:00:00,0.22430497925310533
2010-12-27T01:00:00,0.2243941776567837
2010-12-27T02:00:00,0.234483376060453
2010-12-27T03:00:00,0.22457257446414047
2010-12-27T04:00:00,0.22466177286781885
2010-12-27T05:00:00,0.22475097127149724
2010-12-27T06:00:00,0.22484016967517562
2010-12-27T07:00:00,0.224929368078854
2010-12-27T08:00:00,0.22501856648253238
2010-12-27T09:00:00,0.22510776488621786
2010-12-27T10:00:00,0.22519696328989625
2010-12-27T11:00:00,0.22528616169357463
2010-12-27T12:00:00,0.2153753600972621
2010-12-27T13:00:00,0.21546455850094048
2010-12-27T14:00:00,0.22555375690460977
2010-12-27T15:00:00,0.23564295530827906
2010-12-27T16:00:00,0.23573215371195744
2010-12-27T17:00:00,0.23582135211563582
2010-12-27T18:00:00,0.24591055051936195
2010-12-27T19:00:00,0.24599974892304033
2010-12-27T20:00:00,0.2460889473267187
2010-12-27T21:00:00,0.22617814573035844
2010-12-27T22:00:00,0.22626734413404392
2010-12-27T23:00:00,0.2263565425377223
2010-12-28T00:00:00,0.21644574094140978
2010-12-28T01:00:00,0.22653493934507907
2010-12-28T02:00:00,0.22662413774875745
2010-12-28T03:00:00,0.22671333615243583
2010-12-28T04:00:00,0.2268025345561142
2010-12-28T05:00:00,0.2168917329598017
2010-12-28T06:00:00,0.22698093136347097
2010-12-28T07:00:00,0.21707012976715845
2010-12-28T08:00:00,0.22715932817082773
2010-12-28T09:00:00,0.22724852657450612
2010-12-28T10:00:00,0.2273377249781916
2010-12-28T11:00:00,0.22742692338186998
2010-12-28T12:00:00,0.21751612178555746
2010-12-28T13:00:00,0.21760532018923584
2010-12-28T14:00:00,0.21769451859291422
2010-12-28T15:00:00,0.2277837169965835
2010-12-28T16:00:00,0.2278729154002619
2010-12-28T17:00:00,0.22796211380394027
2010-12-28T18:00:00,0.22805131220761865
2010-12-28T19:00:00,0.22814051061129703
2010-12-28T20:00:00,0.2182297090149845
2010-12-28T21:00:00,0.2283189074186538
2010-12-28T22:00:00,0.22840810582233217
2010-12-28T23:00:00,0.21849730422602676
2010-12-29T00:00:00,0.22858650262969604
2010-12-29T01:00:00,0.21867570103338352
2010-12-29T02:00:00,0.2287648994370528
2010-12-29T03:00:00,0.22885409784073119
2010-12-29T04:00:00,0.22894329624440957
2010-12-29T05:00:00,0.21903249464809704
2010-12-29T06:00:00,0.22912169305176633
2010-12-29T07:00:00,0.2192108914554538
2010-12-29T08:00:00,0.21930008985913219
2010-12-29T09:00:00,0.22938928826280147
2010-12-29T10:00:00,0.22947848666647985
2010-12-29T11:00:00,0.22956768507015823
2010-12-29T12:00:00,0.21965688347385282
2010-12-29T13:00:00,0.2297460818775221
2010-12-29T14:00:00,0.22983528028120048
2010-12-29T15:00:00,0.22992447868487886
2010-12-29T16:00:00,0.23001367708855724
2010-12-29T17:00:00,0.23010287549223563
2010-12-29T18:00:00,0.230192073895914
2010-12-29T19:00:00,0.2302812722995924
2010-12-29T20:00:00,0.23037047070327077
2010-12-29T21:00:00,0.23045966910694915
2010-12-29T22:00:00,0.22054886751063663
2010-12-29T23:00:00,0.2306380659143059
2010-12-30T00:00:00,0.2207272643180005
2010-12-30T01:00:00,0.23081646272166978
2010-12-30T02:00:00,0.23090566112534816
2010-12-30T03:00:00,0.23099485952902654
2010-12-30T04:00:00,0.23108405793270492
2010-12-30T05:00:00,0.2311732563363833
2010-12-30T06:00:00,0.23126245474006168
2010-12-30T07:00:00,0.23135165314374007
2010-12-30T08:00:00,0.23144085154741845
2010-12-30T09:00:00,0.22153004995110592
2010-12-30T10:00:00,0.2316192483547752
2010-12-30T11:00:00,0.2317084467584536
2010-12-30T12:00:00,0.22179764516214107
2010-12-30T13:00:00,0.22188684356582655
2010-12-30T14:00:00,0.22197604196950493
2010-12-30T15:00:00,0.23206524037317422
2010-12-30T16:00:00,0.2321544387768526
2010-12-30T17:00:00,0.22224363718054008
2010-12-30T18:00:00,0.22233283558421846
2010-12-30T19:00:00,0.22242203398789684
2010-12-30T20:00:00,0.22251123239157522
2010-12-30T21:00:00,0.2226004307952536
2010-12-30T22:00:00,0.21268962919894108
2010-12-30T23:00:00,0.21277882760261946
2010-12-31T00:00:00,0.21286802600629784
2010-12-31T01:00:00,0.21295722440997622
2010-12-31T02:00:00,0.2230464228136526
2010-12-31T03:00:00,0.2131356212173401
2010-12-31T04:00:00,0.21322481962101847
2010-12-31T05:00:00,0.22331401802468775
2010-12-31T06:00:00,0.22340321642836614
2010-12-31T07:00:00,0.22349241483204452
2010-12-31T08:00:00,0.2235816132357229
2010-12-31T09:00:00,0.21367081163941037
2010-12-31T10:00:00,0.22376001004307966
2010-12-31T11:00:00,0.22384920844675804
2010-12-31T12:00:00,0.21393840685044552
2010-12-31T13:00:00,0.2240276052541148
2010-12-31T14:00:00,0.2241168036578003
2010-12-31T15:00:00,0.22420600206147867
2010-12-31T16:00:00,0.23429520046514796
2010-12-31T17:00:00,0.23438439886882634
2010-12-31T18:00:00,0.23447359727250472
2010-12-31T19:00:00,0.2345627956761831
2010-12-31T20:00:00,0.23465199407986148
2010-12-31T21:00:00,0.22474119248354896
2010-12-31T22:00:00,0.22483039088722734
2010-12-31T23:00:00,0.22491958929090572